sentence,onset,offset,duration
当我还只有六岁的时候在一本描写原始森林的名叫真实的故事的书中看到了一幅精彩的插画,0.0,7.47,7.47
画的是一条蟒蛇正在吞食一只大野兽,8.02,11.3,3.280000000000001
页头上就是那幅画的摹本,12.11,14.07,1.9600000000000009
这本书中写道这些蟒蛇把它们的猎获物不加咀嚼地囫囵吞下尔后就不能再动弹了,14.98,22.09,7.109999999999999
它们就在长长的六个月的睡眠中消化这些食物,22.83,26.22,3.3900000000000006
当时我对丛林中的奇遇想得很多,27.27,30.03,2.7600000000000016
于是我也用彩色铅笔画出了我的第一幅图画,30.68,34.13,3.450000000000003
我的第一号作品它是这样的,34.63,37.38,2.75
我把我的这幅杰作拿给大人看,38.73,40.74,2.010000000000005
我问他们我的画是不是叫他们害怕,41.41,44.0,2.5900000000000034
他们回答我说害怕一顶帽子有什么可怕的,44.89,49.6,4.710000000000001
我画的不是帽子是一条巨蟒在消化着一头大象,50.55,54.39,3.8400000000000034
既然大人们不能够理解于是我又把巨蟒肚子里的情况画了出来以便让大人们能够看懂,55.23,61.97,6.740000000000002
这些大人总是需要解释,62.7,64.53,1.8299999999999983
我的第二号作品是这样的,65.66,67.56,1.9000000000000057
大人们劝我把这些画着开着肚皮的或闭上肚皮的蟒蛇的图画放在一边还是把兴趣放在地理历史算术语法上,68.75,77.91,9.159999999999997
就这样在六岁的那年我就放弃了当画家这一美好的职业,78.76,83.63,4.86999999999999
我的第一号第二号作品的不成功使我泄了气,84.36,87.82,3.4599999999999937
这些大人们靠他们自己什么也弄不懂还得老是不断地给他们做解释,88.64,93.93,5.290000000000006
后来我只好选择了另外一个职业,95.05,97.63,2.5799999999999983
我学会了开飞机,98.24,99.46,1.2199999999999989
世界各地差不多都飞到过,100.07,101.71,1.6400000000000006
的确地理学帮了我很大的忙,102.28,104.78,2.5
我一眼就能分辨出中国和亚利桑那,105.35,107.7,2.3500000000000085
要是夜里迷失了航向这是很有用的,108.41,110.7,2.2900000000000063
这样在我的生活中我跟许多严肃的人有过很多的接触,111.58,115.83,4.25
我在大人们中间生活过很长时间,116.45,118.51,2.0600000000000023
我仔细地观察过他们但这并没有使我对他们的看法有多大的改变,119.25,124.18,4.930000000000007
当我遇到一个头脑看来稍微清楚的大人时我就拿出一直保存着的我那第一号作品来测试测试他,124.92,132.24,7.320000000000007
我想知道他是否真的有理解能力可是得到的回答总是这是顶帽子,133.03,139.44,6.409999999999997
我就不和他谈巨蟒呀原始森林呀或者星星之类的事儿,140.38,144.33,3.950000000000017
我只得迁就他的水平和他们谈些桥牌呀高尔夫球呀政治呀领带呀这些,144.86,150.76,5.899999999999977
于是大人们就十分高兴能认识我这样一个通情达理的人,151.64,156.02,4.380000000000024
我就这样孤独地生活着,157.26,158.86,1.6000000000000227
没有一个能真正谈得来的人,159.59,161.18,1.5900000000000034
一直到六年前在撒哈拉沙漠上发生了那次故障,161.77,165.43,3.6599999999999966
我的发动机里有个东西损坏了,166.13,167.98,1.8499999999999943
当时由于我既没有带机械师也没有带旅客我就试图独自完成这个困难的维修工作,168.75,175.31,6.560000000000002
这对我来说是个生与死的问题,176.16,178.56,2.4000000000000057
我随身带的水只够饮用一星期,179.25,181.7,2.4499999999999886
第一天晚上我就睡在这远离人间烟火的大沙漠上,182.6,186.15,3.5500000000000114
我比大海中伏在小木排上的遇难者还要孤独得多,186.83,190.54,3.7099999999999795
而在第二天拂晓当一个奇怪的小声音叫醒我的时候你们可以想见我当时是多么吃惊,191.57,198.41,6.840000000000003
这小小的声音说道请你给我画一只羊好吗,199.34,203.43,4.090000000000003
啊,204.3,204.58,0.28000000000000114
给我画一只羊,205.46,206.44,0.9799999999999898
我像是受到惊雷轰击一般一下子就站立起来,207.46,210.66,3.1999999999999886
我使劲地揉了揉眼睛仔细地看了看,211.5,213.88,2.3799999999999955
我看见一个十分奇怪的小家伙严肃地朝我凝眸望着,214.44,218.33,3.890000000000015
这是后来我给他画出来的最好的一幅画像,219.26,222.14,2.8799999999999955
可是我的画当然要比他本人的模样逊色得多,223.24,227.34,4.099999999999994
这不是我的过错,228.05,229.17,1.1199999999999761
六岁时大人们使我对我的画家生涯失去了勇气,230.47,234.35,3.8799999999999955
除了画过开着肚皮和闭着肚皮的蟒蛇后来再没有学过画,235.03,238.96,3.930000000000007
我惊奇地睁大着眼睛看着这突然出现的小家伙,239.57,243.49,3.920000000000016
你们不要忘记我当时处在远离人烟千里之外的地方,244.15,248.43,4.280000000000001
而这个小家伙给我的印象是他既不像迷了路的样子也没有半点疲乏饥渴惧怕的神情,248.87,256.59,7.71999999999997
他丝毫不像是一个迷失在旷无人烟的大沙漠中的孩子,257.35,261.36,4.009999999999991
当我在惊讶之中终于又能说出话来的时候对他说道唉你在这儿干什么,262.08,268.91,6.830000000000041
可是他却不慌不忙地好像有一件重要的事一般对我重复地说道请给我画一只羊,269.84,277.5,7.660000000000025
当一种神秘的东西把你镇住的时候你是不敢不听从它的支配的,278.43,283.25,4.819999999999993
在这旷无人烟的沙漠上面临死亡的危险的情况下尽管这样的举动使我感到十分荒诞我还是掏出了一张纸和一支钢笔,284.03,293.68,9.650000000000034
这时我却又记起我只学过地理历史算术和语法就有点不大高兴地对小家伙说我不会画画,294.48,303.94,9.45999999999998
他回答我说没有关系给我画一只羊吧,304.78,308.46,3.680000000000007
因为我从来没有画过羊我就给他重画我所仅仅会画的两幅画中的那幅闭着肚皮的巨蟒,309.23,316.19,6.9599999999999795
不不,316.96,318.05,1.0900000000000318
我听了他的话简直目瞪口呆,318.9,321.03,2.1299999999999955
我不要蟒蛇,321.66,322.71,1.0499999999999545
它肚子里还有一头象,323.28,324.93,1.650000000000034
巨蟒这东西太危险,325.56,326.95,1.3899999999999864
大象又太占地方,327.39,328.81,1.420000000000016
我住的地方非常小,329.39,330.8,1.410000000000025
我需要一只羊,331.26,332.19,0.9300000000000068
给我画一只羊吧,332.81,334.32,1.509999999999991
我就给他画了,335.47,336.38,0.9099999999999682
他专心地看着随后又说我不要,337.09,340.44,3.3500000000000227
这只羊已经病得很重了,341.08,343.04,1.9600000000000364
给我重新画一只,343.67,344.82,1.1499999999999773
我又画了起来,345.76,346.71,0.9499999999999886
我的这位朋友天真可爱地笑了,347.31,349.54,2.230000000000018
你看你画的不是小羊他说,350.39,354.06,3.670000000000016
是头公羊还有犄角呢,354.83,357.1,2.2700000000000387
于是我又重新画了一张,358.15,360.28,2.1299999999999955
这幅画同前几幅一样又被拒绝了,361.15,363.71,2.5600000000000023
这一只太老了,364.58,365.73,1.150000000000034
我想要一只能活得长的羊,366.26,368.47,2.2100000000000364
我不耐烦了,369.44,370.2,0.7599999999999909
因为我急于要检修发动机于是就草草画了这张画并且匆匆地对他说道这是一只箱子,370.71,378.68,7.970000000000027
你要的羊就在里面,379.23,380.55,1.3199999999999932
这时我十分惊奇地看到我的这位小评判员喜笑颜开,381.59,385.75,4.160000000000025
他说这正是我想要的,386.53,389.07,2.5400000000000205
你说这只羊需要很多草吗,389.69,391.96,2.269999999999982
为什么,392.87,393.29,0.4200000000000159
因为我住的地方一切都非常小,394.13,396.39,2.259999999999991
地方小也够喂养它的我说,397.14,400.07,2.930000000000007
我给你画的是一只很小的小羊,400.62,402.94,2.319999999999993
他把脑袋靠近这张画,403.84,405.29,1.4500000000000455
并不像你说的那么小,406.22,407.7,1.4799999999999613
瞧它睡着了,408.35,409.87,1.5199999999999818
就这样我认识了小王子,410.4,413.42,3.0200000000000387
我费了好长时间才弄清楚他是从哪里来的,414.63,417.72,3.090000000000032
小王子向我提出了很多问题,418.51,420.61,2.1000000000000227
可是对我提出的问题他好像压根儿没有听见似的,421.12,424.44,3.319999999999993
他无意中吐露的一些话逐渐使我搞清了他的来历,425.3,428.47,3.170000000000016
例如当他第一次瞅见我的飞机时我就不画出我的飞机了因为这种图画对我来说太复杂他问我道这是个啥玩意儿,429.12,439.14,10.019999999999982
这不是玩意儿,440.07,440.94,0.8700000000000045
它能飞,441.38,441.89,0.5099999999999909
这是飞机,442.5,443.14,0.6399999999999864
是我的飞机,443.43,444.32,0.8899999999999864
我当时很骄傲地告诉他我能飞,445.08,447.08,2.0
于是他惊奇地说道怎么你是从天上掉下来的,447.87,451.93,4.060000000000002
是的我谦逊地答道,452.67,454.61,1.9399999999999977
啊这真滑稽,455.1,456.75,1.6499999999999773
此时小王子发出一阵清脆的笑声,457.71,460.23,2.5200000000000387
这使我很不高兴,460.9,462.01,1.1100000000000136
我要求别人严肃地对待我的不幸,462.64,464.58,1.9399999999999977
然后他又说道那么你也是从天上来的了,465.29,469.1,3.8100000000000023
你是哪个星球上的,469.66,471.23,1.5699999999999932
即刻对于他是从哪里来的这个秘密我隐约发现到了一点线索,472.27,477.02,4.75
于是我就突然问道你是从另一个星球上来的吗,477.68,481.95,4.269999999999982
可是他不回答我的问题,482.91,484.27,1.3599999999999568
他一面看着我的飞机一面微微地点点头接着说道可不是吗,484.7,489.84,5.139999999999986
乘坐这玩意儿你不可能是从很远的地方来的,490.39,493.63,3.240000000000009
说到这里他就长时间地陷入沉思之中,494.55,497.43,2.8799999999999955
然后从口袋里掏出了我画的小羊看着他的宝贝入了神,498.08,502.08,4.0
你们可以想见这种关于别的星球的若明若暗的话语使我心里多么好奇,502.63,507.48,4.850000000000023
因此我竭力地想知道其中更多的奥秘,508.01,510.86,2.8500000000000227
你是从哪里来的我的小家伙,511.48,513.5,2.019999999999982
你的家在什么地方,514.11,515.21,1.1000000000000227
你要把你的小羊带到哪里去,515.75,517.43,1.67999999999995
他沉思了一会儿然后回答我说好在有你给我的那只箱子夜晚可以给小羊当房子用,518.35,525.25,6.899999999999977
那当然如果你听话的话我再给你画一根绳子,526.15,529.81,3.659999999999968
白天可以拴住它,530.19,531.16,0.9699999999999136
我的建议看来有点儿使小王子反感,532.23,534.61,2.3799999999999955
拴住它,535.37,536.01,0.6399999999999864
多么奇怪的主意,536.55,537.52,0.9700000000000273
如果你不拴住它它就到处跑,538.79,540.92,2.1299999999999955
那么它会跑丢的,541.32,542.27,0.9499999999999318
我的这位朋友又笑出了声你想要它跑到哪里去呀,543.2,547.55,4.349999999999909
不管什么地方它一直往前跑,548.51,550.64,2.1299999999999955
这时小王子郑重其事地说这没有什么关系,551.44,555.58,4.139999999999986
我那里很小很小,556.11,557.74,1.6299999999999955
接着他略带伤感地又补充了一句一直朝前走也不会走出多远,558.7,564.95,6.25
我还了解到另一件重要的事儿就是他老家所在的那个星球比一座房子大不了多少,564.99,571.1700000000001,6.180000000000064
这倒并没有使我感到太奇怪,572.0200000000001,573.7700000000001,1.75
我知道除地球木星火星金星这几个有名称的大行星以外还有成百个别的星球,574.45,581.1,6.649999999999977
它们有的小得很就是用望远镜也很难看见,581.6600000000001,585.34,3.67999999999995
当一个天文学者发现了其中一个星星他就给它编上一个号码例如把它称作325小行星,586.45,593.7800000000001,7.330000000000041
我有重要的根据认为小王子所来自的那个星球是小行星B612,594.49,599.9100000000001,5.420000000000073
这颗小行星仅仅被用望远镜看见过一次,600.6,603.8000000000001,3.2000000000000455
在1909年被一个土耳其天文学家,604.57,607.2900000000001,2.7200000000000273
当时他曾经在一次国际天文学家代表大会上对他的发现做了重要的论证,607.9000000000001,614.36,6.459999999999923
但由于他所穿衣服的缘故那时没有人相信他,615.0200000000001,618.88,3.8599999999999
那些大人们就是这样,619.5500000000001,621.34,1.7899999999999636
幸好土耳其的一个独裁者为了小行星B612的声誉迫使他的人民都要穿欧式服装否则就处以死刑,622.0,632.08,10.080000000000041
1920年这位天文学家穿了一身儿非常漂亮的服装重新做了一次论证,633.0600000000001,638.48,5.419999999999959
这一次所有的人都同意他的看法,639.2,641.5600000000001,2.3600000000000136
我给你们讲关于小行星B612的这些细节并且告诉你们它的编号这是由于这些大人的缘故,642.3800000000001,650.11,7.7299999999999045
当你对大人们讲起你的一个新朋友时他们从来不向你提出实质性的问题,650.94,655.7800000000001,4.840000000000032
他们从来不讲他说话声音如何啊他喜爱什么样的游戏啊他是否收集蝴蝶标本呀,656.22,663.23,7.009999999999991
他们却问你他多大年纪呀弟兄几个呀体重多少呀他父亲挣多少钱呀,664.0300000000001,670.75,6.719999999999914
他们以为这样才算了解朋友,671.82,674.1300000000001,2.310000000000059
如果你对大人们说我看到一栋用玫瑰色的砖盖成的漂亮的房子,674.95,679.9000000000001,4.9500000000000455
它的窗户上有天竺葵屋顶上还有鸽子,680.5400000000001,683.86,3.3199999999999363
他们怎么也想象不出这种房子有多么好,684.59,687.1300000000001,2.5400000000000773
必须对他们说我看见了一栋价值十万法郎的房子,687.9200000000001,691.5400000000001,3.6200000000000045
那么他们就惊叫道多么漂亮的房子啊,691.98,694.99,3.009999999999991
要是你对他们说小王子存在的证据就是他非常漂亮,695.9100000000001,700.35,4.439999999999941
他笑着想要一只羊,700.94,702.6400000000001,1.7000000000000455
他想要一只小羊,703.27,704.45,1.1800000000000637
这就证明他的存在,704.96,706.1,1.1399999999999864
但是告诉他们有什么好处呢,707.0500000000001,709.11,2.0599999999999454
他们一定会耸耸肩膀把你当作孩子看待,709.6800000000001,712.5600000000001,2.8799999999999955
但是如果你对他们说小王子来自的星球就是小行星B612,713.44,719.0600000000001,5.6200000000000045
那么他们就十分信服,719.6300000000001,721.02,1.3899999999998727
他们就不会提出一大堆问题来和你纠缠,721.59,724.11,2.519999999999982
他们就是这样的,724.9000000000001,725.9000000000001,1.0
小孩子们对大人们应该宽厚些,726.3900000000001,728.86,2.4699999999999136
不要埋怨他们,729.33,730.27,0.9399999999999409
当然对我们懂得生活的人来说我们才不在乎那些编号呢,731.37,736.26,4.889999999999986
我真愿意像讲神话那样来开始这个故事,736.77,739.8800000000001,3.1100000000001273
我真想这样说从前呀有一个小王子他住在一个和他身体差不多大的星球上,740.59,748.02,7.42999999999995
他希望有一个朋友,748.6500000000001,750.0300000000001,1.3799999999999955
对懂得生活的人来说这样说就显得真实,751.1700000000001,754.52,3.349999999999909
我可不喜欢人们轻率地读我的书,755.9200000000001,758.0300000000001,2.1100000000000136
我在讲述这些往事时心情是很难过的,758.84,761.57,2.730000000000018
我的朋友带着他的小羊已经离去六年了,762.3800000000001,765.4000000000001,3.019999999999982
我之所以在这里尽力地把他描写出来就是为了不要忘记他,766.37,771.21,4.840000000000032
忘记一个朋友这太叫人悲伤了,772.24,775.23,2.990000000000009
并不是所有的人都有过一个朋友,776.25,778.6300000000001,2.380000000000109
再说我也可能变成那些大人那样只对数字感兴趣,779.61,784.57,4.960000000000036
也正是为了这个缘故我买了一盒颜料和一些铅笔,786.0600000000001,789.5,3.439999999999941
像我这样年纪的人而且除了六岁时画过闭着肚皮的和开着肚皮的巨蟒外别的什么也没有尝试过现在重新再来画画真费劲啊,790.12,801.49,11.370000000000005
当然我一定要把这些画尽量地画得逼真,802.61,806.02,3.409999999999968
但我自己也没有把握,806.83,808.5300000000001,1.7000000000000455
一张画得还可以另一张就不像了,809.3800000000001,812.57,3.189999999999941
还有身材大小我画得有点儿不准确,813.1800000000001,815.82,2.6399999999999864
在这个地方小王子画得太大了些另一个地方又画得太小了些,816.74,822.46,5.720000000000027
对他衣服的颜色我也拿不准,823.26,825.45,2.1900000000000546
于是我就摸索着这么试试那么改改画个大概齐,826.53,831.1400000000001,4.610000000000127
我很可能在某些重要的细节上画错了,832.03,834.8100000000001,2.7800000000000864
这就得请大家原谅我了,835.58,837.49,1.9099999999999682
因为我的这个朋友从来也不加说明解释,838.49,841.51,3.019999999999982
他认为我同他一样,842.22,843.45,1.2300000000000182
可是很遗憾我却不能透过盒子看见小羊,844.57,848.33,3.759999999999991
我大概有点儿和大人们差不多,849.1800000000001,851.1100000000001,1.9300000000000637
我一定是变老了,851.95,854.0,2.0499999999999545
每天我都了解到一些关于小王子的星球他的出走和旅行等事情,855.98,860.75,4.769999999999982
这些都是偶然从各种反应中慢慢得到的,861.51,864.5,2.990000000000009
就这样第三天我就了解到关于猴面包树的悲剧,865.35,870.4300000000001,5.080000000000041
这一次又是因为羊的事情,871.3800000000001,873.46,2.0799999999999272
突然小王子好像是非常担心地问我道羊吃小灌木这是真的吗,874.1,880.45,6.350000000000023
是的是真的,881.35,882.96,1.6100000000000136
啊我真高兴,883.72,886.1200000000001,2.400000000000091
我不明白羊吃小灌木这件事儿为什么如此重要,886.78,890.6,3.82000000000005
可小王子又说道因此它们也吃猴面包树啰,891.3700000000001,896.32,4.949999999999932
我对小王子说猴面包树可不是小灌木而是像教堂那么大的大树,897.58,903.27,5.689999999999941
即便是带回一群大象也啃不了一棵猴面包树,903.8700000000001,907.3900000000001,3.519999999999982
一群大象这种想法使小王子发笑,908.47,911.07,2.6000000000000227
那可得把这些大象一只叠一只地磊起来,911.8900000000001,915.0600000000001,3.169999999999959
他很有见识地说猴面包树在长大之前开始也是小小的,915.6500000000001,921.02,5.369999999999891
那是不错我说,921.9000000000001,923.5600000000001,1.6599999999999682
可是为什么你想叫你的羊去吃小猴面包树呢,924.25,927.4200000000001,3.1700000000000728
他回答我道唉这还用说,928.1700000000001,931.35,3.17999999999995
似乎这是不言而喻的,931.9000000000001,933.8900000000001,1.990000000000009
可是我自己要费很大的心劲儿才能弄懂这个问题,934.96,938.3700000000001,3.410000000000082
原来在小王子的星球上就像其他所有星球上一样有好草和坏草因此也就有益草的草籽和毒草的草籽,939.03,949.26,10.230000000000018
可是草籽是看不见的,949.9000000000001,951.6700000000001,1.7699999999999818
它们沉睡在泥土里直到其中的一粒忽然想要苏醒过来,952.3800000000001,956.58,4.199999999999932
于是它就伸展开身子开始腼腆地朝着太阳长出一棵秀丽可爱的小嫩苗,957.32,963.0500000000001,5.730000000000018
如果是小萝卜或是玫瑰的嫩苗就让它去自由地生长,963.84,968.1700000000001,4.330000000000041
如果是一棵坏苗一旦被辨认出来就应该马上把它拔掉,968.72,973.1400000000001,4.420000000000073
因为在小王子的星球上有些非常可怕的种子,974.1600000000001,977.4000000000001,3.240000000000009
这就是猴面包树的种子,978.08,980.01,1.92999999999995
在那里的泥土里这种种子多得成灾,980.69,983.7,3.009999999999991
而一棵猴面包树苗假如你拔得太迟就再也无法把它清除掉,984.19,989.1600000000001,4.970000000000027
它就会盘踞整个星球,989.9000000000001,991.45,1.5499999999999545
它的树根能把星球钻透,992.0,993.83,1.830000000000041
如果星球很小而猴面包树很多它就把整个星球搞得支离破碎,994.48,999.57,5.090000000000032
这是个纪律问题小王子后来向我解释道,1000.6700000000001,1005.02,4.349999999999909
当你早上梳洗完毕以后必须仔细地给星球梳洗,1005.8800000000001,1009.7,3.8199999999999363
必须规定自己按时去拔掉猴面包树苗,1010.1800000000001,1013.1700000000001,2.990000000000009
这种树苗小的时候与玫瑰苗差不多,1013.84,1016.5600000000001,2.7200000000000273
一旦可以把它们区别开的时候就要把它拔掉,1017.1400000000001,1020.3100000000001,3.169999999999959
这是一件非常乏味的工作但很容易小王子说,1021.08,1025.98,4.899999999999977
有一天他劝我用心地画一幅漂亮的图画好叫我家乡的孩子们对这件事有一个深刻的印象,1026.73,1033.94,7.210000000000036
他还对我说如果将来有一天他们出外旅行这对他们是很有用的,1034.78,1041.0500000000002,6.270000000000209
有时候人们把自己的工作推到以后去做并没有什么妨害但要遇到拔猴面包树苗这种事那就非造成大灾难不可,1041.75,1052.16,10.410000000000082
我遇到过一个星球上面住着一个懒家伙,1052.9,1056.01,3.1099999999999
他放过了三棵小树苗,1056.53,1058.0,1.4700000000000273
于是根据小王子的说明我把这个星球画了下来,1059.21,1063.29,4.079999999999927
我从来不大愿意以道学家的口吻来说话,1064.18,1066.92,2.740000000000009
可是猴面包树的危险大家都不大了解,1067.63,1070.3600000000001,2.730000000000018
对迷失在小行星上的人来说危险性非常之大,1070.9,1074.27,3.369999999999891
因此这一回我贸然打破了我的这种不喜欢教训人的惯例,1074.98,1079.18,4.2000000000000455
孩子们我说要当心那些猴面包树呀,1080.22,1084.1,3.8799999999998818
为了叫我的朋友们警惕这种危险他们同我一样长期以来和这种危险接触却没有意识到它的危险性我花了很大的功夫画了这幅画,1085.1100000000001,1096.3400000000001,11.230000000000018
我提出的这个教训意义是很重大的,1096.88,1099.54,2.6599999999998545
花点儿功夫是很值得的,1100.19,1101.94,1.75
你们也许要问为什么这本书中别的画都没有这副画那么壮观呢,1102.81,1107.5900000000001,4.7800000000002
回答很简单我也试了,1108.27,1110.62,2.349999999999909
别的画我也曾经试图画得好些却没成功,1111.27,1114.99,3.7200000000000273
而当我画猴面包树时有一种急切的心情在激励着我,1115.5300000000002,1119.72,4.189999999999827
啊小王子就这样我逐渐懂得了你那忧郁的生活,1121.67,1126.91,5.240000000000009
过去相当长的时间里你唯一的乐趣就是观赏那夕阳西下的温柔晚景,1127.77,1133.19,5.420000000000073
这个新的细节是我在第四天早晨知道的,1134.06,1137.3400000000001,3.2800000000002
你当时对我说道我喜欢看日落,1138.22,1140.95,2.730000000000018
我们去看一回日落吧,1141.73,1143.5700000000002,1.8400000000001455
可是得等着我说,1144.6100000000001,1147.42,2.8099999999999454
等什么,1148.4,1148.92,0.5199999999999818
等太阳落山,1149.91,1150.74,0.8299999999999272
我们必须等到那个时候,1151.2800000000002,1152.72,1.4399999999998272
开始你显得很惊奇的样子,1153.66,1155.85,2.189999999999827
随后你笑自己的糊涂,1156.44,1157.95,1.509999999999991
你对我说我总以为是在我的家乡呢,1158.66,1162.42,3.759999999999991
确实大家都知道在美国是正午时分在法国正夕阳西下,1163.5900000000001,1169.56,5.9699999999998
只要在一分钟内赶到法国就可看到日落,1170.22,1172.98,2.759999999999991
可惜法国是那么的遥远,1173.76,1175.93,2.1700000000000728
而在你那样的小行星上你只要把你的椅子挪动几步就行了,1176.92,1181.06,4.139999999999873
这样你便可随时看到你想看的夕阳余晖,1181.62,1185.18,3.560000000000173
一天我看见过四十三次日落你对我说,1186.3000000000002,1190.87,4.569999999999709
过一会儿你又说你知道当人们感到非常苦闷时总是喜欢日落的,1191.6100000000001,1198.5,6.889999999999873
你怎么会这么苦闷我问,1199.75,1202.06,2.3099999999999454
一天四十三次,1202.76,1204.46,1.7000000000000455
但是小王子没有回答,1205.5300000000002,1207.6100000000001,2.0799999999999272
第五天还是羊的事儿把小王子的生活秘密向我揭开了,1207.6100000000001,1212.63,5.019999999999982
好像默默地思索了很长时间以后得出了什么结果一样他突然没头没脑地问我羊要是吃小灌木它也要吃花啰,1213.2600000000002,1222.7900000000002,9.529999999999973
羊它碰到什么吃什么我回答,1223.8400000000001,1226.8200000000002,2.980000000000018
连有刺儿的花也吃吗,1227.72,1228.88,1.1600000000000819
有刺的也吃,1229.5800000000002,1230.45,0.8699999999998909
那么刺有什么用呢,1231.0900000000001,1232.8700000000001,1.7799999999999727
我不知道该怎么回答,1233.94,1235.48,1.5399999999999636
那会儿我正忙着要从发动机上卸下一颗拧得太紧的螺丝,1236.14,1239.98,3.839999999999918
我发现机器故障似乎很严重,1240.71,1242.45,1.740000000000009
饮水也快完了,1242.95,1243.88,0.9300000000000637
担心可能发生最坏的情况心里很着急,1244.6200000000001,1247.13,2.509999999999991
那么刺有什么用呢,1247.92,1249.3600000000001,1.4400000000000546
小王子一旦提出了问题从来不会放过,1250.3300000000002,1252.7600000000002,2.4300000000000637
这个该死的螺丝使我很恼火,1253.23,1255.1100000000001,1.8800000000001091
我于是就随便回答了他一句刺么什么用都没有,1255.46,1259.5200000000002,4.060000000000173
这纯粹是花的恶劣表现,1259.93,1261.3300000000002,1.400000000000091
噢,1262.21,1262.46,0.25
可是他沉默了一会儿之后怀着不满的心情冲我说我不信,1263.6100000000001,1267.93,4.319999999999936
花是弱小的,1268.5600000000002,1269.3600000000001,0.7999999999999545
它们是淳朴的,1269.7500000000002,1270.6000000000001,0.849999999999909
它们总是设法保护自己,1271.1100000000001,1272.6000000000001,1.490000000000009
以为有了刺就可以显出自己的厉害,1273.0800000000002,1275.7600000000002,2.6800000000000637
我默不作声,1276.8700000000001,1277.5900000000001,0.7200000000000273
我当时想的如果这个螺丝再和我作对我就一锤子敲掉它,1278.13,1281.98,3.849999999999909
小王子又来打搅我的思绪了,1282.6200000000001,1284.5900000000001,1.9700000000000273
你却认为花,1284.91,1285.91,1.0
算了吧我喊道,1286.16,1287.8300000000002,1.6700000000000728
算了吧算了吧,1288.46,1289.92,1.4600000000000364
我什么也不认为,1290.63,1291.46,0.8299999999999272
我是随便回答你的,1291.9,1292.8100000000002,0.9100000000000819
我可有正经事要做,1293.17,1294.19,1.0199999999999818
他惊讶地看着我,1294.93,1295.9,0.9700000000000273
正经事,1296.7400000000002,1297.5200000000002,0.7799999999999727
他瞅着我手拿锤子手指沾满了油污伏在一个在他看来丑不可言的机件上,1298.3300000000002,1303.8300000000002,5.5
你说话就和那些大人一样,1304.5900000000001,1307.1200000000001,2.5299999999999727
这话使我有点儿难堪,1308.19,1310.0200000000002,1.8300000000001546
可是他又尖刻无情地说道你什么都分不清,1310.8100000000002,1313.8400000000001,3.0299999999999727
你把什么都混在一起,1314.2800000000002,1315.44,1.1599999999998545
他着实非常恼火,1316.48,1317.5700000000002,1.0900000000001455
摇动着脑袋,1317.94,1318.69,0.75
金黄色的头发随风颤动着,1319.1000000000001,1320.98,1.8799999999998818
我到过一个星球上面住着一个红脸先生,1322.0000000000002,1324.88,2.8799999999998818
他从来没闻过一朵花,1325.3500000000001,1326.72,1.3699999999998909
他从来没有看过一颗星星,1327.14,1329.0300000000002,1.8900000000001
他什么人也没有喜欢过,1329.63,1331.0400000000002,1.4100000000000819
除了算账以外他什么也没有做过,1331.5100000000002,1333.88,2.369999999999891
他整天同你一样老是说我有正经事我是个严肃的人,1334.5000000000002,1339.0800000000002,4.579999999999927
这使他傲气十足,1340.2800000000002,1341.45,1.1699999999998454
他简直不像是个人,1341.8200000000002,1342.92,1.099999999999909
他是个蘑菇,1343.25,1343.96,0.7100000000000364
是个什么,1344.7200000000003,1345.2,0.4799999999997908
是个蘑菇,1345.8400000000001,1346.68,0.8399999999999181
小王子当时气得脸色发白,1347.7400000000002,1350.0400000000002,2.2999999999999545
几百万年以来花儿都在制造着刺,1351.2900000000002,1354.0400000000002,2.75
几百万年以来羊仍然在吃花,1354.41,1356.8700000000001,2.4600000000000364
要搞清楚为什么花儿费那么大劲儿给自己制造没有什么用的刺这难道不是正经事儿,1357.3500000000001,1362.8300000000002,5.480000000000018
难道羊和花之间的战争不重要,1363.48,1365.39,1.9100000000000819
这难道不比那个大胖子红脸先生的账目更重要,1366.1000000000001,1369.23,3.1299999999998818
如果我认识一朵人世间唯一的花,1370.0800000000002,1372.0800000000002,2.0
只有我的星球上有它别的地方都不存在,1372.6000000000001,1375.21,2.6099999999999
而一只小羊糊里糊涂就这样把它一下子毁掉了,1375.75,1378.8400000000001,3.0900000000001455
这难道不重要,1379.2700000000002,1380.0700000000002,0.7999999999999545
他的脸气得发红然后又接着说道如果有人爱上了在这亿万颗星星中独一无二的一株花当他看着这些星星的时候这就足以使他感到幸福,1381.5600000000002,1393.88,12.319999999999936
他可以自言自语地说我的那朵花就在其中的一颗星星上,1394.43,1398.88,4.4500000000000455
但是如果羊吃掉了这朵花对他来说好像所有的星星一下子全都熄灭了一样,1399.7900000000002,1405.42,5.629999999999882
这难道也不重要吗,1406.0900000000001,1407.64,1.5499999999999545
他无法再说下去了,1409.0300000000002,1410.2400000000002,1.2100000000000364
突然泣不成声,1411.0700000000002,1412.18,1.1099999999999
夜幕已经降临,1413.45,1414.3500000000001,0.900000000000091
我放下手中的工具,1414.9700000000003,1416.0,1.0299999999997453
我把锤子螺钉饥渴死亡全都抛在脑后,1416.5600000000002,1421.13,4.569999999999936
在一颗星球上在一颗行星上在我的行星上在地球上有一个小王子需要安慰,1422.0100000000002,1428.96,6.949999999999818
我把他抱在怀里摇着他对他说你爱的那朵花没有危险,1429.8600000000001,1434.89,5.029999999999973
我给你的小羊画一个罩子,1435.5300000000002,1437.2600000000002,1.7300000000000182
我给你的花画一副盔甲,1437.89,1439.65,1.759999999999991
我,1440.48,1441.0400000000002,0.5600000000001728
我也不太知道该说些什么,1442.0700000000002,1443.44,1.3699999999998909
我觉得自己太笨拙,1444.0700000000002,1445.18,1.1099999999999
我不知道怎样才能达到他的境界,1445.7,1447.91,2.2100000000000364
怎样才能再进入他的境界,1448.5500000000002,1450.0700000000002,1.5199999999999818
唉泪水的世界是多么神秘啊,1451.16,1454.5200000000002,3.3600000000001273
很快我就进一步了解了这朵花儿,1455.5100000000002,1457.7800000000002,2.269999999999982
在小王子的星球上过去一直都生长着一些只有一层花瓣的很简单的花,1458.5,1463.68,5.180000000000064
这些花非常小一点儿也不占地方,1464.44,1466.7,2.259999999999991
从来也不会去打搅任何人,1467.17,1468.71,1.5399999999999636
它们早晨在草丛中开放晚上就凋谢了,1469.43,1472.88,3.4500000000000455
不知从哪里来了一颗种子,1473.8400000000001,1475.4900000000002,1.650000000000091
忽然一天这种子发了芽,1476.0300000000002,1477.45,1.4199999999998454
小王子特别仔细地监视着这颗与众不同的小苗,1478.0700000000002,1481.21,3.1399999999998727
这玩意儿说不定是一种新的猴面包树,1481.7200000000003,1484.2400000000002,2.519999999999982
但是这小苗不久就不再长了而且开始孕育着一个花朵,1484.98,1489.64,4.660000000000082
看到在这棵苗上长出了一个很大很大的花蕾小王子感觉到从这个花苞中一定会出现一个奇迹,1490.4700000000003,1497.38,6.9099999999998545
然而这朵花儿藏在她那绿茵茵的房间中用了很长的时间来打扮自己,1498.3000000000002,1502.89,4.589999999999918
她精心选择着她将来的颜色慢慢腾腾地装饰着一片片地搭配着她的花瓣,1503.68,1509.7800000000002,6.100000000000136
她不愿像虞美人那样一出世就满脸皱纹,1510.5600000000002,1513.0400000000002,2.480000000000018
她要让自己带着光艳夺目的丽姿来到世间,1513.7400000000002,1516.8400000000001,3.099999999999909
是的她是非常爱俏的,1517.5900000000001,1519.5600000000002,1.9700000000000273
她用好些好些日子天仙般地梳妆打扮然后在一天的早晨恰好在太阳升起的时候她开放了,1520.13,1528.2900000000002,8.160000000000082
她已经精细地做了那么长的准备工作却打着哈欠说道我刚刚睡醒,1528.9,1534.7400000000002,5.8400000000001455
真对不起,1535.0500000000002,1535.7400000000002,0.6900000000000546
瞧我的头发还是乱蓬蓬的,1536.2200000000003,1538.2600000000002,2.0399999999999636
小王子这时再也控制不住自己的爱慕心情,1538.8000000000002,1542.0200000000002,3.2200000000000273
你是多么美丽呀,1542.88,1544.48,1.599999999999909
花儿悠然自得地说是吧我是与太阳同时出生的,1545.2200000000003,1550.13,4.9099999999998545
小王子看出了这花儿不太谦虚可是她确实丽姿动人,1551.1000000000001,1555.3400000000001,4.240000000000009
她随后又说道现在该是吃早点的时候了吧,1555.9700000000003,1560.0500000000002,4.079999999999927
请你也想着给我准备一点,1560.64,1562.75,2.1099999999999
小王子很有些不好意思于是就拿着喷壶打来了一壶清清的凉水,1563.5800000000002,1569.14,5.559999999999945
他浇灌着花儿,1569.63,1570.5600000000002,0.9300000000000637
于是就这样这朵花儿就以她那有点敏感多疑的虚荣心折磨着小王子,1571.3500000000001,1576.6000000000001,5.25
例如有一天她向小王子讲起她身上长的四根刺,1577.2700000000002,1581.25,3.979999999999791
老虎让它张着爪子来吧,1582.0700000000002,1584.3300000000002,2.259999999999991
小王子顶了她一句在我这个星球上没有老虎,1585.0900000000001,1589.3600000000001,4.269999999999982
而且老虎是不会吃草的,1589.7900000000002,1591.92,2.1299999999998818
花儿轻声说道我并不是草,1592.45,1595.18,2.730000000000018
真对不起,1595.88,1596.66,0.7799999999999727
我并不怕什么老虎,1597.45,1598.8200000000002,1.3700000000001182
可我讨厌穿堂风,1599.3000000000002,1600.3600000000001,1.0599999999999454
我猜你没有为我准备个屏风,1600.92,1603.15,2.230000000000018
小王子思忖着讨厌穿堂风这对一株植物来说真不走运,1603.66,1610.0800000000002,6.420000000000073
这朵花真不大好伺候,1610.8100000000002,1612.8000000000002,1.990000000000009
晚上你得把我放到一个玻璃罩子中,1613.75,1616.39,2.6400000000001
你这地方太冷,1616.88,1617.8600000000001,0.9800000000000182
我原来住的那个地方,1618.3600000000001,1619.8100000000002,1.4500000000000455
但她没有说下去,1620.88,1622.0400000000002,1.1600000000000819
她来的时候是粒种子,1622.66,1624.0500000000002,1.3900000000001
她哪里见过什么别的世界,1624.5900000000001,1626.0300000000002,1.4400000000000546
她叫人发现她是在凑一个如此不太高明的谎话,1626.5100000000002,1629.8700000000001,3.3599999999999
她有点儿羞怒,1630.25,1631.1100000000001,0.8600000000001273
咳嗽了两三声,1631.42,1632.4,0.9800000000000182
她的这一招是要小王子处于有过失的地位,1633.0300000000002,1635.9,2.869999999999891
她说道屏风呢,1636.48,1638.19,1.7100000000000364
我正准备去拿可你刚才说的是,1638.88,1641.7400000000002,2.8600000000001273
于是花儿放开嗓门儿咳嗽了几声依然要使小王子后悔自己的过失,1642.45,1647.7,5.25
尽管小王子本来诚心诚意地喜欢这朵花可是这一来却使他马上对她产生了怀疑,1648.3000000000002,1654.7900000000002,6.490000000000009
小王子对一些无关紧要的话看得太认真结果使自己很苦恼,1655.5800000000002,1659.96,4.379999999999882
有一天他告诉我说我不该听信她的话,1660.7600000000002,1664.3600000000001,3.599999999999909
绝不该听信那些花儿的话,1664.9700000000003,1666.5,1.5299999999997453
看看花闻闻她就得了,1667.21,1668.93,1.7200000000000273
我的那朵花儿使我的星球芳香四溢可我不会享受她,1669.5700000000002,1673.93,4.3599999999999
关于老虎爪子的事儿本应该使我产生同情却反而使我恼火,1674.65,1679.7600000000002,5.110000000000127
他还告诉我说我那时什么也不懂,1680.5,1683.17,2.6700000000000728
我应该根据她的行为而不是根据她的话来判断她,1683.68,1686.8300000000002,3.150000000000091
她使我的生活芬芳多彩,1687.5200000000002,1689.43,1.9099999999998545
我真不该离开她跑出来,1689.91,1691.3600000000001,1.4500000000000455
我本应该猜出在她那令人爱怜的花招后面所隐藏的温情,1691.8100000000002,1696.16,4.349999999999909
花是多么自相矛盾,1696.96,1698.5100000000002,1.550000000000182
我当时太年轻还不懂得爱她,1699.1200000000001,1701.8700000000001,2.75
我想小王子大概是利用一群候鸟迁徙的机会跑出来的,1702.8000000000002,1706.5200000000002,3.7200000000000273
在他出发的那天早上他把他的星球收拾得整整齐齐,1707.2,1711.15,3.9500000000000455
把它上头的活火山打扫得干干净净,1711.67,1714.17,2.5
他有两个活火山,1714.93,1715.91,0.9800000000000182
早上热早点很方便,1716.5200000000002,1718.0100000000002,1.490000000000009
他还有一座死火山,1718.75,1719.9900000000002,1.2400000000002365
他也把它打扫干净,1720.4,1721.64,1.240000000000009
他想说不定它还会活动呢,1722.21,1724.66,2.4500000000000455
打扫干净了它们就可以慢慢地有规律地燃烧而不会突然爆发,1725.4900000000002,1730.5500000000002,5.059999999999945
火山爆发就像烟囱里的火焰一样,1731.2400000000002,1733.4,2.1599999999998545
当然在我们地球上我们人太小不能打扫火山所以火山给我们带来很多很多麻烦,1734.19,1741.0900000000001,6.900000000000091
小王子还把剩下的最后几棵猴面包树苗全拔了,1742.1200000000001,1745.46,3.339999999999918
他有点儿忧伤,1746.16,1746.98,0.8199999999999363
他以为他再也不会回来了,1747.66,1749.6100000000001,1.9500000000000455
这天这些家常活使他感到特别亲切,1750.2200000000003,1753.66,3.439999999999827
当他最后一次浇花时准备把她放在玻璃罩子下面他发觉自己要哭出来,1754.2800000000002,1759.89,5.6099999999999
再见了他对花儿说道,1760.7400000000002,1762.89,2.1499999999998636
可是花儿没有回答他,1763.46,1764.9500000000003,1.4900000000002365
再见了他又说了一遍,1765.8400000000001,1768.16,2.3199999999999363
花儿咳嗽了一阵但并不是由于感冒,1768.88,1771.52,2.6399999999998727
她终于对他说道我方才真蠢,1772.3000000000002,1775.1000000000001,2.7999999999999545
请你原谅我,1775.5700000000002,1776.52,0.9499999999998181
希望你能幸福,1777.0,1778.63,1.6300000000001091
花儿对他毫不抱怨,1779.21,1780.5700000000002,1.3600000000001273
他感到很惊讶,1781.0900000000001,1781.96,0.8699999999998909
他举着罩子不知所措地伫立在那里,1782.6100000000001,1785.1200000000001,2.509999999999991
他不明白她为什么会这样温柔恬静,1786.0,1788.5300000000002,2.5300000000002
的确我爱你花儿对他说道,1789.65,1793.3200000000002,3.6700000000000728
但由于我的过错你一点儿也没有理会,1794.2000000000003,1797.0600000000002,2.8599999999999
这丝毫不重要,1797.7800000000002,1798.77,0.9899999999997817
不过你也和我一样的蠢,1799.5300000000002,1801.7000000000003,2.1700000000000728
希望你今后能幸福,1802.3100000000002,1803.67,1.3599999999999
把罩子放在一边吧,1804.4700000000003,1805.63,1.1599999999998545
我用不着它了,1806.2400000000002,1807.17,0.9299999999998363
要是风来了怎么办,1808.1800000000003,1809.8600000000001,1.6799999999998363
我的感冒并不那么重,1810.7200000000003,1812.3000000000002,1.5799999999999272
夜晚的凉风对我倒有好处,1812.92,1814.9,1.9800000000000182
我是一朵花,1815.5700000000002,1816.3300000000002,0.7599999999999909
要是有虫子野兽呢,1817.2200000000003,1819.2400000000002,2.019999999999982
我要是想认识蝴蝶经不起两三只毛虫是不行的,1820.04,1823.8400000000001,3.800000000000182
据说这是很美的,1824.5,1825.88,1.3800000000001091
不然还有谁来看我呢,1826.48,1827.8200000000002,1.3400000000001455
你就要到远处去了,1828.63,1829.92,1.2899999999999636
至于说大动物我并不怕,1830.6000000000001,1832.5800000000002,1.9800000000000182
我有爪子,1833.1200000000001,1833.88,0.7599999999999909
于是她天真地显露出她那四根刺,1834.96,1837.67,2.7100000000000364
随后又说道别这么磨蹭了,1838.2400000000002,1840.42,2.1799999999998363
真烦人,1840.7400000000002,1841.4,0.6599999999998545
你既然决定离开这儿那么快走吧,1841.96,1845.3100000000002,3.3500000000001364
她是怕小王子看见她在哭,1846.4700000000003,1848.64,2.1699999999998454
她是朵非常骄傲的花,1849.4300000000003,1851.3000000000002,1.8699999999998909
在附近的宇宙中还有325326327328329330等几颗小行星,1851.3700000000001,1858.7000000000003,7.330000000000155
他就开始访问这几颗星球,1859.4300000000003,1860.9300000000003,1.5
想在那里找点儿事儿干并且学习学习,1861.42,1863.9900000000002,2.5700000000001637
第一颗星球上住着一个国王,1864.8500000000001,1866.8500000000001,2.0
国王穿着用紫红色和白底儿黑花的毛皮做成的大礼服,1867.5400000000002,1871.39,3.849999999999909
坐在一个很简单却又十分威严的宝座上,1871.9700000000003,1874.5400000000002,2.5699999999999363
啊来了一个臣民当他看见小王子时喊了起来,1875.2600000000002,1879.6900000000003,4.430000000000064
小王子思量着他从来也没有见过我怎么会认识我呢,1880.5400000000002,1884.9900000000002,4.4500000000000455
他哪里知道在那些国王的眼里世界是非常简单的,1885.8400000000001,1889.7700000000002,3.9300000000000637
所有的人都是臣民,1890.2800000000002,1891.6200000000001,1.3399999999999181
国王十分骄傲因为他终于成了某个人的国王,1892.2500000000002,1895.5100000000002,3.259999999999991
他对小王子说道靠近些好让我好好看看你,1896.0900000000001,1900.2100000000003,4.120000000000118
小王子看看四周想找个地方坐下来可是整个星球被国王华丽的白底儿黑花皮袍占满了他只好站在那里,1901.1900000000003,1909.3400000000001,8.149999999999864
但是因为疲倦了他打起哈欠来,1909.8500000000001,1912.0900000000001,2.240000000000009
君王对他说在一个国王面前打哈欠是违反礼节的,1912.67,1917.0600000000002,4.3900000000001
我禁止你打哈欠,1917.5500000000002,1918.5300000000002,0.9800000000000182
小王子羞愧地说道我实在忍不住,1919.4900000000002,1922.3400000000001,2.849999999999909
我长途跋涉来到这里还没有睡觉呢,1922.7600000000002,1925.3300000000002,2.5699999999999363
国王说那好吧我命令你打哈欠,1926.3600000000001,1929.4900000000002,3.130000000000109
好些年来我没有看见过任何人打哈欠,1930.0100000000002,1932.5500000000002,2.5399999999999636
对我来说打哈欠倒是新奇的事,1933.0800000000002,1936.1200000000001,3.0399999999999636
来吧再打个哈欠,1936.7600000000002,1938.2100000000003,1.4500000000000455
这是命令,1938.6200000000001,1939.38,0.7599999999999909
这倒叫我有点儿紧张,1940.6100000000001,1942.5100000000002,1.900000000000091
我打不出哈欠来了,1942.9900000000002,1944.2100000000003,1.2200000000000273
小王子红着脸说,1945.0200000000002,1946.42,1.3999999999998636
嗯嗯国王回答道,1947.1000000000001,1949.8500000000001,2.75
那么我命令你忽而打哈欠忽而,1950.5300000000002,1954.3600000000001,3.8299999999999272
他嘟嘟囔囔显出有点儿恼怒,1955.1200000000001,1957.38,2.259999999999991
因为国王所要求的主要是保持他的威严受到尊敬,1958.0400000000002,1961.4,3.3599999999999
他不能容忍不听他的命令,1962.3000000000002,1964.0500000000002,1.75
他是一位绝对的君主,1964.6000000000001,1965.9300000000003,1.3300000000001546
可是他却很善良,1966.5700000000002,1968.2700000000002,1.7000000000000455
他下的命令都是有理智的,1968.8000000000002,1970.5900000000001,1.7899999999999636
他常常说如果我叫一位将军变成一只海鸟而这位将军不服从我的命令那么这就不是将军的过错而是我的过错,1971.2300000000002,1981.8200000000002,10.589999999999918
小王子腼腆地试探道我可以坐下吗,1982.7100000000003,1986.69,3.979999999999791
我命令你坐下国王一边回答一边庄重地把他那白底儿黑花皮袍大襟挪动了一下,1987.4100000000003,1993.8300000000002,6.419999999999845
可是小王子感到很奇怪,1994.63,1996.1800000000003,1.550000000000182
这么小的行星国王他对什么进行统治呢,1996.9100000000003,1999.8100000000002,2.8999999999998636
他对国王说陛下请原谅我想问您,2000.65,2005.0500000000002,4.400000000000091
国王急忙抢着说道我命令你问我,2005.5800000000002,2008.0000000000002,2.4200000000000728
陛下你统治什么呢,2009.0100000000002,2011.2300000000002,2.2200000000000273
国王非常简单明了地说我统治一切,2012.0100000000002,2015.14,3.1299999999998818
一切国王轻轻地用手指着他的行星和其他的行星以及所有的星星,2015.9900000000002,2021.9900000000002,6.0
小王子说统治这一切,2022.6200000000001,2025.3000000000002,2.6800000000000637
统治这一切,2026.14,2027.4600000000003,1.3200000000001637
原来他不仅是一个绝对的君主而且是整个宇宙的君主,2027.8100000000002,2031.9100000000003,4.100000000000136
那么星星都服从您吗,2032.8000000000002,2034.9700000000003,2.1700000000000728
那当然国王对他说,2035.4800000000002,2037.7100000000003,2.230000000000018
它们立即就得服从,2038.2800000000002,2039.65,1.3699999999998909
我是不允许无纪律的,2040.0100000000002,2041.39,1.3799999999998818
这样的权力使小王子惊叹不已,2042.4,2044.8600000000001,2.4600000000000364
如果掌握了这样的权力那么他一天就不只是看到四十三次日落而可以看到七十二次甚至一百次或是二百次日落也不必要去挪动椅子了,2045.4,2057.21,11.809999999999945
由于他想起了他那被遗弃的小星球心里有点儿难过,2058.15,2062.03,3.880000000000109
他大胆地向国王提出了一个请求我想看日落,2062.6600000000003,2066.8500000000004,4.190000000000055
请求您命令太阳落山吧,2067.57,2069.98,2.4099999999998545
国王说道如果我命令一个将军像一只蝴蝶那样从这朵花飞到那朵花或者命令他写作一个悲剧剧本或者变一只海鸟而如果这位将军接到命令不执行的话那么我们中的谁是错误的呢,2070.92,2087.9700000000003,17.050000000000182
将军还是我自己,2088.5800000000004,2090.26,1.6799999999998363
那当然是您的不对小王子肯定地回答,2091.01,2094.9,3.8899999999998727
一点也不错国王接着说,2095.4100000000003,2097.61,2.199999999999818
向每个人提出的要求应该是他们所能做到的,2098.2000000000003,2101.42,3.2199999999998
权威首先应该建立在理性的基础上,2102.04,2104.63,2.5900000000001455
如果命令你的老百姓去投海他们非起来革命不可,2105.27,2109.07,3.800000000000182
我的命令是合理的所以我有权要别人服从,2109.78,2113.5,3.7199999999998
那么我提出的日落呢小王子一旦提出一个问题他是不会忘记这个问题的,2114.51,2120.53,6.019999999999982
日落么你会看到的,2121.3,2123.4100000000003,2.1100000000001273
我一定要太阳落山,2123.9700000000003,2125.29,1.319999999999709
不过按照我的统治科学我得等到条件成熟的时候,2125.75,2129.5,3.75
小王子问道这要等到什么时候呢,2130.25,2133.59,3.3400000000001455
嗯国王在回答之前首先翻阅了一本厚厚的日历,2134.34,2138.9100000000003,4.570000000000164
嘴里慢慢说道嗯嗯日落大约大约在今晚七时四十分的时候,2139.36,2147.38,8.019999999999982
你将看到我的命令一定会被服从的,2147.79,2150.09,2.300000000000182
小王子又打起哈欠来了,2151.04,2153.17,2.130000000000109
他遗憾没有看到日落,2153.5600000000004,2155.0200000000004,1.4600000000000364
他有点儿厌烦了,2155.4100000000003,2156.28,0.8699999999998909
他对国王说我没有必要再待在这儿了,2156.83,2159.8900000000003,3.0600000000004
我要走了,2160.3500000000004,2160.9700000000003,0.6199999999998909
这位因为刚刚有了一个臣民而十分骄傲自得的国王说道嗯别走别走我任命你当大臣,2162.0,2168.6600000000003,6.660000000000309
什么大臣,2169.33,2170.15,0.8200000000001637
嗯司法大臣,2170.6000000000004,2172.21,1.6099999999996726
可是这儿没有一个要审判的人,2172.8500000000004,2175.34,2.4899999999997817
很难说呀国王说道,2176.17,2178.01,1.8400000000001455
因为我还没有巡视过我的王国呢,2178.61,2181.1600000000003,2.550000000000182
我很老了,2181.69,2182.34,0.650000000000091
我这地方又小没有放銮驾的地方,2182.7200000000003,2185.2700000000004,2.550000000000182
另外一走路我就累,2185.8500000000004,2187.5,1.6499999999996362
哦可是我已经看过了小王子说道并探身朝星球的那一侧看了看,2188.4300000000003,2194.76,6.329999999999927
那边也没有一个人,2195.2200000000003,2196.28,1.0599999999999454
那么你就审判你自己呀国王回答他说,2197.0600000000004,2200.88,3.819999999999709
这可是最难的了,2201.4,2202.5,1.099999999999909
审判自己比审判别人要难得多啊,2202.9700000000003,2205.36,2.3899999999998727
你要是能审判好自己你就是一个真正有才智的人,2205.9700000000003,2209.79,3.819999999999709
我嘛随便在什么地方我都可以审度自己,2210.6400000000003,2214.32,3.6799999999998363
我没有必要留在这里,2214.88,2216.54,1.6599999999998545
嗯国王又说,2217.13,2219.01,1.8800000000001091
嗯我想在我的星球上有一只老耗子,2219.44,2223.4900000000002,4.050000000000182
夜里我听见它的声音,2224.03,2225.7200000000003,1.6900000000000546
你可以审判它,2226.03,2226.7700000000004,0.7400000000002365
不时地判处它死刑,2227.3700000000003,2228.75,1.3799999999996544
因此它的生命取决于你的判决,2229.1800000000003,2231.84,2.6599999999998545
可是你要有节制地使用这只耗子,2232.34,2234.79,2.449999999999818
每次判刑后都要赦免它,2235.2200000000003,2237.05,1.8299999999999272
因为只有这一只耗子,2237.57,2239.48,1.9099999999998545
可是我不愿判死刑小王子回答道,2240.2200000000003,2243.98,3.7599999999997635
我想我还是应该走,2244.7000000000003,2246.65,1.949999999999818
嗯不行国王说,2246.98,2248.7000000000003,1.7200000000002547
但是小王子准备完毕之后不想使老君主难过说道如果国王陛下想要不折不扣地得到服从你可以给我下一个合理的命令,2249.25,2259.69,10.440000000000055
比如说你可以命令我一分钟之内必须离开,2260.3100000000004,2264.05,3.7399999999997817
我认为这个条件是成熟的,2264.6400000000003,2266.46,1.819999999999709
国王什么也没有回答,2267.4700000000003,2268.69,1.2199999999998
起初小王子有些犹疑不决随后叹了口气就离开了,2269.23,2274.05,4.820000000000164
我派你当我的大使国王匆忙地喊道,2274.6200000000003,2278.34,3.7199999999998
国王显出非常有权威的样子,2278.9100000000003,2280.92,2.0099999999997635
小王子在旅途中自言自语地说这些大人真奇怪,2281.4,2286.59,5.190000000000055
第二个行星上住着一个爱虚荣的人,2287.5600000000004,2290.0200000000004,2.4600000000000364
喔唷喔唷一个崇拜我的人来拜访了,2290.58,2294.13,3.550000000000182
这个爱虚荣的人一见到小王子老远就叫喊起来,2295.05,2298.23,3.1799999999998363
在那些爱虚荣的人眼里别人都成了他们的崇拜者,2298.9,2302.2000000000003,3.300000000000182
你好小王子说道,2303.0,2304.83,1.8299999999999272
你的帽子很奇怪,2305.46,2307.11,1.650000000000091
这是为了向人致意用的爱虚荣的人回答道,2308.01,2311.8,3.7899999999999636
当人们向我欢呼的时候我就用帽子向他们致意,2312.42,2315.88,3.4600000000000364
可惜没有一个人经过这里,2316.28,2318.34,2.0599999999999454
小王子不解其意说道啊是吗,2319.09,2323.1600000000003,4.070000000000164
爱虚荣的人向小王子建议道你用一只手去拍另一只手,2323.79,2328.46,4.670000000000073
小王子就拍起巴掌来,2329.34,2330.9,1.5599999999999454
这位爱虚荣者就谦逊地举起帽子向小王子致意,2331.58,2335.13,3.550000000000182
小王子心想这比访问那位国王有趣,2335.8900000000003,2339.1800000000003,3.2899999999999636
于是他又拍起巴掌来,2339.8500000000004,2341.54,1.6899999999995998
爱虚荣者又举起帽子来向他致意,2342.04,2344.63,2.5900000000001455
小王子这样做了五分钟之后对这种单调的把戏有点儿厌倦了说道要想叫你的帽子掉下来该怎么做呢,2345.38,2354.2000000000003,8.820000000000164
可这回爱虚荣者听不进他的话,2354.7400000000002,2356.98,2.2399999999997817
因为凡是爱虚荣的人只听得进赞美的话,2357.6000000000004,2360.32,2.7199999999998
他问小王子道你真的钦佩我吗,2360.9500000000003,2363.7700000000004,2.8200000000001637
钦佩是什么意思,2364.6200000000003,2366.2400000000002,1.6199999999998909
钦佩嘛就是承认我是星球上最美的人服饰最好的人最富有的人最聪明的人,2367.07,2374.23,7.1599999999998545
可您是您的星球上唯一的人呀,2374.79,2377.4900000000002,2.700000000000273
让我高兴吧,2378.2700000000004,2379.19,0.919999999999618
请你还是来钦佩我吧,2379.57,2381.55,1.9800000000000182
小王子轻轻地耸了耸肩膀说道我钦佩你,2382.38,2386.58,4.199999999999818
可是这有什么能使你这样感兴趣的,2387.3100000000004,2390.2000000000003,2.8899999999998727
于是小王子就走开了,2391.0600000000004,2392.33,1.269999999999527
小王子在路上自言自语地说了一句这些大人肯定是十分古怪的,2392.9900000000002,2398.78,5.789999999999964
小王子所访问的下一个星球上住着一个酒鬼,2399.7000000000003,2403.15,3.449999999999818
访问时间非常短可是他却使小王子非常忧伤,2403.9,2407.79,3.8899999999998727
你在干什么小王子问酒鬼,2408.65,2411.44,2.7899999999999636
这个酒鬼默默地坐在那里面前有一堆酒瓶子有的装着酒有的是空的,2412.01,2418.07,6.059999999999945
我喝酒他阴沉忧郁地回答道,2419.2000000000003,2422.6800000000003,3.480000000000018
你为什么喝酒小王子问道,2423.29,2426.1600000000003,2.8700000000003456
为了忘却酒鬼回答,2426.9100000000003,2430.6200000000003,3.7100000000000364
小王子已经有些可怜酒鬼,2431.46,2433.57,2.1100000000001273
他问道忘却什么呢,2434.0200000000004,2436.21,2.1899999999996
酒鬼垂下脑袋坦白道为了忘却我的羞愧,2437.1600000000003,2442.4300000000003,5.269999999999982
你羞愧什么呢,2443.4500000000003,2444.4900000000002,1.0399999999999636
小王子很想救助他,2445.21,2447.1000000000004,1.8900000000003274
我羞愧我喝酒,2447.9500000000003,2451.75,3.799999999999727
酒鬼说完以后就再也不开口了,2452.3500000000004,2455.01,2.6599999999998545
小王子迷惑不解地离开了,2455.82,2457.46,1.6399999999998727
在旅途中他自言自语地说道这些大人确实真叫怪,2458.08,2463.48,5.400000000000091
第四个行星是一个实业家的星球,2463.61,2466.32,2.7100000000000364
这个人忙得不可开交,2466.89,2468.41,1.5199999999999818
小王子到来的时候他甚至连头都没有抬一下,2468.96,2472.08,3.119999999999891
小王子对他说您好您的烟卷灭了,2472.68,2476.82,4.140000000000327
三加二等于五,2477.9,2478.94,1.0399999999999636
五加七等于十二,2479.28,2480.33,1.0499999999997272
十二加三等于十五,2480.77,2482.14,1.3699999999998909
你好,2482.63,2482.98,0.34999999999990905
十五加七二十二,2483.22,2484.78,1.5600000000004002
二十二加六二十八,2485.3,2486.81,1.5099999999997635
没有时间再去点着它,2487.28,2489.16,1.8799999999996544
二十六加五三十一,2489.73,2491.41,1.6799999999998363
哎哟一共是五亿一百六十二万二千七百三十一,2491.67,2497.27,5.599999999999909
五亿什么呀,2498.16,2499.39,1.2300000000000182
嗯你还待在这儿呐,2500.02,2502.1,2.0799999999999272
五亿一百万,2502.69,2503.73,1.0399999999999636
我也不知道是什么了,2504.48,2505.64,1.1599999999998545
我的工作很多,2506.04,2506.82,0.7800000000002001
我是很严肃的,2507.11,2507.9900000000002,0.8800000000001091
我可是从来没有功夫去闲聊,2508.4900000000002,2510.36,1.8699999999998909
二加五得七,2510.86,2511.92,1.0599999999999454
五亿一百万什么呀小王子重复问道,2512.57,2515.87,3.299999999999727
一旦他提出了一个问题是从来也不会放弃的,2516.48,2519.81,3.3299999999999272
这位实业家抬起头说我住在这个星球上五十四年以来只被打搅过三次,2520.62,2526.82,6.200000000000273
第一次是二十二年前不知从哪里跑来了一只金龟子来打搅我,2527.47,2531.95,4.480000000000018
它发出一种可怕的噪音使我在一笔账目中出了四个差错,2532.73,2537.03,4.300000000000182
第二次在十一年前是风湿病发作因为我缺乏锻炼所致,2537.61,2542.95,5.339999999999691
我没有功夫闲逛,2543.46,2544.43,0.9699999999997999
我可是个严肃的人,2544.95,2546.05,1.1000000000003638
现在这是第三次,2546.81,2548.67,1.8600000000001273
我计算的结果是五亿一百万,2549.18,2551.98,2.800000000000182
几百万什么,2552.65,2553.54,0.8899999999998727
这位实业家知道要想安宁是无望的了就说道几百万个小东西,2554.21,2560.06,5.849999999999909
这些小东西有时出现在天空中,2560.5,2562.94,2.4400000000000546
苍蝇吗,2563.89,2564.48,0.5900000000001455
不是是些闪闪发亮的小东西,2565.05,2568.34,3.2899999999999636
是蜜蜂吗,2569.08,2569.92,0.8400000000001455
不是是金黄色的小东西,2570.61,2572.78,2.1700000000000728
这些小东西叫那些懒汉们胡思乱想,2573.48,2576.28,2.800000000000182
我是个严肃的人,2576.71,2577.7400000000002,1.0300000000002
我没有时间胡思乱想,2578.17,2579.61,1.4400000000000546
啊是星星吗,2580.48,2582.53,2.050000000000182
对了就是星星,2583.06,2584.37,1.3099999999999454
你要拿这五亿星星做什么,2585.32,2587.35,2.0299999999997453
五亿一百六十二万七百三十一颗星星,2588.13,2591.26,3.130000000000109
我是严肃的人,2591.73,2592.57,0.8400000000001455
我是非常精确的,2592.91,2594.06,1.150000000000091
你拿这些星星做什么,2594.9700000000003,2596.38,1.4099999999998545
我要它做什么,2596.95,2598.06,1.1100000000001273
是呀,2598.63,2599.1,0.4699999999997999
什么也不做,2599.7,2600.49,0.7899999999999636
它们都是属于我的,2601.03,2602.2200000000003,1.1900000000000546
星星是属于你的,2603.03,2605.09,2.0599999999999454
是的,2605.86,2606.25,0.38999999999987267
可是我已经见到过一个国王他,2607.05,2609.88,2.8299999999999272
国王并不占有他们只是进行统治,2610.3,2612.95,2.649999999999636
这不是一码事儿,2613.41,2614.13,0.7200000000002547
你拥有这许多星星有什么用,2614.73,2617.0,2.269999999999982
它能让我变得富有,2617.75,2619.35,1.599999999999909
富了有什么好处呢,2620.09,2622.2,2.1099999999996726
富了就可以去买别的星星如果有人发现了别的星星的话,2622.92,2628.04,5.119999999999891
小王子自言自语地说这个人想问题有点儿像那个酒鬼一样,2628.87,2634.73,5.860000000000127
可是他又提了一些问题你怎么能占有星星呢,2635.18,2640.65,5.470000000000255
那么你说星星是谁的啊实业家不高兴地顶了小王子一句,2641.56,2646.7,5.139999999999873
我不知道,2647.5,2648.38,0.8800000000001091
不属于任何人,2648.98,2649.92,0.9400000000000546
那么它们就是我的因为是我第一个想到了这件事情的,2650.7,2655.2200000000003,4.520000000000437
这就行了吗,2656.04,2656.84,0.8000000000001819
那当然,2657.5,2658.08,0.5799999999999272
如果你发现了一颗没有主人的钻石那么这颗钻石就是属于你的,2658.67,2663.05,4.380000000000109
当你发现了一个岛是没有主的那么这个岛就是你的,2663.71,2667.74,4.029999999999745
当你首先想出了一个办法你就去领一个专利证这个办法就是属于你的,2668.51,2674.02,5.5099999999997635
既然在我之前不曾有任何人想到要占有这些星星那我就占有这些星星,2674.46,2680.28,5.820000000000164
这倒也是小王子说,2681.4700000000003,2683.75,2.2799999999997453
可是你用它们来干什么,2684.51,2686.7200000000003,2.2100000000000364
我经营管理这些星星,2687.65,2689.21,1.5599999999999454
我一遍又一遍地计算它们的数目,2689.71,2692.05,2.3400000000001455
这是一件困难的事但我是一个严肃认真的人,2692.59,2696.2,3.6099999999996726
小王子仍然还不满足,2697.05,2698.98,1.9299999999998363
他说对我来说如果我有一条围巾我可以用它来围着我的脖子并且能带走它,2699.54,2707.43,7.889999999999873
我有一朵花的话我就可以摘下我的花并且把它带走,2708.12,2712.18,4.059999999999945
可你却不能摘下这些星星呀,2712.91,2715.82,2.9100000000003092
我不能摘但我可以把它们存在银行里,2716.4700000000003,2719.82,3.349999999999909
这是什么意思呢,2720.8,2722.18,1.3799999999996544
这就是说我把星星的数目写在一片小纸头上然后把这片纸头锁在一个抽屉里,2723.06,2729.2,6.139999999999873
这就算完事儿了吗,2730.25,2731.24,0.9899999999997817
这样就行了,2732.09,2732.69,0.599999999999909
小王子想道真好玩儿,2733.59,2735.67,2.0799999999999272
这倒蛮有诗意,2736.05,2737.13,1.0799999999999272
可是并不算是了不起的正经事儿,2737.67,2741.43,3.7599999999997635
关于什么是正经事儿小王子的看法与大人们的看法非常不同,2742.33,2747.09,4.760000000000218
他接着又说我有一朵花我每天都给她浇水,2747.74,2751.86,4.120000000000346
我还有三座火山我每星期把它们全都打扫一遍连死火山也打扫,2752.29,2757.84,5.550000000000182
谁知道它会不会再复活,2758.54,2760.6,2.0599999999999454
我拥有火山和花这对我的火山有益处对我的花也有益处,2761.4,2766.39,4.989999999999782
但是你对星星并没有用处,2767.0,2769.86,2.8600000000001273
实业家张口结舌无言以对,2770.41,2772.73,2.3200000000001637
于是小王子就走了,2773.44,2774.96,1.5199999999999818
在旅途中小王子只是自言自语地说了一句这些大人们真是奇怪极了,2775.7200000000003,2782.59,6.869999999999891
第五颗行星非常奇怪,2784.16,2785.85,1.6900000000000546
是这些星星中最小的一颗,2786.62,2788.52,1.900000000000091
行星上刚好能容得下一盏路灯和一个点路灯的人,2788.95,2793.03,4.080000000000382
小王子怎么也解释不通这个坐落在天空某一角落既没有房屋又没有居民的行星上要一盏路灯和一个点灯的人做什么用,2794.03,2804.5,10.4699999999998
但他自己猜想可能这个人思想不正常,2805.2200000000003,2809.54,4.319999999999709
但他比起国王比起那个爱虚荣的人那个实业家和酒鬼却要好些,2810.37,2816.7200000000003,6.350000000000364
至少他的工作还有点儿意义,2817.3,2819.58,2.2799999999997453
当他点着了他的路灯时就像他增添了一颗星星或是一朵花,2820.21,2825.59,5.380000000000109
当他熄灭了路灯时就像让星星或花朵睡着了似的,2826.27,2830.67,4.400000000000091
这差事真美妙,2831.17,2832.74,1.569999999999709
就是真正有用的了,2833.36,2834.98,1.6199999999998909
小王子一到了这个行星上就很尊敬地向点路灯的人打招呼,2835.62,2840.95,5.329999999999927
早上好,2841.69,2842.26,0.5700000000001637
你刚才为什么把路灯灭了呢,2842.86,2844.83,1.9699999999998
这是命令点灯的人回答道,2845.85,2848.4700000000003,2.6200000000003456
早上好,2849.1,2849.66,0.5599999999999454
命令是什么,2850.58,2851.7,1.1199999999998909
就是熄掉我的路灯,2852.52,2854.2200000000003,1.7000000000002728
晚上好,2855.27,2855.8,0.5300000000002001
于是他又点燃了路灯,2856.58,2858.54,1.9600000000000364
那么为什么你又把它点着了呢,2859.43,2862.02,2.5900000000001455
这是命令,2862.77,2863.43,0.6599999999998545
点灯的人回答道,2864.43,2865.58,1.150000000000091
我不明白小王子说,2866.37,2868.4700000000003,2.100000000000364
没什么要明白的点灯的回答说,2869.11,2871.74,2.6299999999996544
命令就是命令,2872.4700000000003,2873.84,1.3699999999998909
早上好,2874.56,2875.06,0.5
于是他又熄灭了路灯,2876.07,2878.03,1.9600000000000364
然后他拿一块儿有红方格子的手绢儿擦着额头,2878.75,2882.28,3.5300000000002
我干的是一种可怕的职业,2883.44,2885.33,1.8899999999998727
以前还说得过去早上熄灯晚上点灯剩下时间白天我就休息夜晚我就睡觉,2885.85,2893.11,7.260000000000218
那么后来命令改变了是吗,2893.89,2896.76,2.8700000000003456
点灯的人说命令没有改,2897.59,2900.19,2.599999999999909
惨就惨在这里了,2900.74,2902.51,1.7700000000004366
这颗行星一年比一年转得更快而命令却没有改,2903.31,2907.9,4.5900000000001455
结果呢小王子问,2908.7200000000003,2911.02,2.299999999999727
结果现在每分钟转一圈儿我连一秒钟的休息时间都没有了,2911.83,2916.06,4.230000000000018
每分钟我就要点一次灯熄一次灯,2916.65,2919.43,2.7799999999997453
真有趣你这里每天只有一分钟长,2920.2200000000003,2923.89,3.669999999999618
一点趣味也没有点灯的说,2924.68,2927.07,2.3900000000003274
我们俩在一块儿说话就已经有一个月的时间了,2927.68,2930.57,2.8900000000003274
一个月,2931.26,2931.85,0.5899999999996908
对三十分钟三十天,2932.5,2934.74,2.2399999999997817
晚上好,2935.49,2935.9700000000003,0.48000000000047294
于是他又点着了他的路灯,2937.03,2939.33,2.299999999999727
小王子瞅着他,2940.13,2941.12,0.9899999999997817
他喜欢这个点灯人如此忠守命令,2941.71,2944.24,2.5299999999997453
这时他想起了他自己从前挪动椅子寻找日落的事儿,2944.78,2949.13,4.349999999999909
他很想帮助他的这位朋友,2949.6,2951.36,1.7600000000002183
告诉你我知道一种能使你休息的办法,2952.18,2955.55,3.3700000000003456
你要什么时候休息都可以,2956.14,2957.81,1.6700000000000728
我老是想休息点灯人说,2958.67,2961.07,2.400000000000091
因为一个人可以同时是忠实的又是懒惰的,2961.55,2965.59,4.039999999999964
小王子接着说你的这颗行星这样小你三步就可以绕它一圈儿,2966.32,2971.62,5.299999999999727
你只要慢慢地走就可以一直在太阳的照耀下,2972.16,2975.7,3.5399999999999636
你想休息的时候你就这样走那么你要白天有多长它就有多长,2976.17,2982.2200000000003,6.050000000000182
这办法帮不了我多大忙点灯人说,2983.34,2986.74,3.399999999999636
生活中我喜欢的就是睡觉,2987.35,2989.67,2.3200000000001637
真不走运小王子说,2990.66,2992.9300000000003,2.2700000000004366
真不走运点灯人说,2993.59,2995.76,2.1700000000000728
早上好,2996.56,2997.08,0.5199999999999818
于是他又熄灭了路灯,2997.91,3000.01,2.100000000000364
小王子在他继续往前旅行的途中自言自语地说道这个人一定会被其他那些人国王呀爱虚荣的呀酒鬼呀实业家呀所瞧不起,3000.69,3014.32,13.63000000000011
可是唯有他不使我感到荒唐可笑,3015.17,3018.33,3.1599999999998545
这可能是因为他所关心的是别的事儿而不是他自己,3018.9300000000003,3022.9,3.9699999999998
他惋惜地叹了口气并且又对自己说道本来这是我唯一可以和他交成朋友的人,3024.34,3031.73,7.389999999999873
可是他的星球确实太小了住不下两个人,3032.34,3035.91,3.569999999999709
小王子没有勇气承认的是他留恋这颗令人赞美的星星特别是因为在那里每二十四小时就有一千四百四十次日落,3036.85,3046.9300000000003,10.080000000000382
第六颗行星则要大十倍上面住着一位老先生,3046.9300000000003,3050.8300000000004,3.900000000000091
他在写作大部头的书,3051.4100000000003,3052.88,1.4699999999998
瞧来了一位探险家老先生看到小王子时叫了起来,3053.9400000000005,3059.6800000000003,5.739999999999782
小王子在桌旁坐下有些气喘吁吁,3060.1800000000003,3062.9400000000005,2.7600000000002183
他跑了多少路啊,3063.7200000000003,3064.82,1.099999999999909
你从哪里来的呀老先生问小王子,3065.13,3069.55,4.420000000000073
这一大本是什么书小王子问道,3070.6800000000003,3073.86,3.1799999999998363
你在这里干什么,3074.4,3075.57,1.1700000000000728
我是地理学家老先生答道,3076.3100000000004,3079.4700000000003,3.1599999999998545
什么是地理学家,3080.09,3081.57,1.4800000000000182
地理学家就是一种学者,3082.4100000000003,3085.2300000000005,2.8200000000001637
他知道哪里有海洋哪里有江河城市山脉沙漠,3085.7900000000004,3092.5600000000004,6.769999999999982
这倒挺有意思小王子说,3093.5800000000004,3096.76,3.1799999999998363
这才是一种真正的行当,3097.3500000000004,3099.0400000000004,1.6900000000000546
他朝四周看了看这位地理学家的星球,3099.7000000000003,3102.2900000000004,2.5900000000001455
他还从来没有见过一颗如此壮观的行星,3102.9800000000005,3105.67,2.6899999999996
您的星球真美呀,3106.2100000000005,3107.8700000000003,1.6599999999998545
上面有海洋吗,3108.34,3109.9600000000005,1.6200000000003456
这我没法知道地理学家说,3110.6000000000004,3114.3900000000003,3.7899999999999636
啊小王子大失所望,3115.07,3118.11,3.0399999999999636
那么山脉呢,3118.92,3120.5400000000004,1.6200000000003456
这我没法知道地理学家说,3121.3100000000004,3124.86,3.549999999999727
那么有城市河流沙漠吗,3125.59,3129.11,3.519999999999982
这我也没法知道地理学家说,3129.9300000000003,3133.88,3.949999999999818
可您还是地理学家呢,3134.7500000000005,3136.7000000000003,1.949999999999818
一点儿不错地理学家说,3137.4400000000005,3140.3,2.8599999999996726
但是我不是探察家,3141.03,3143.4400000000005,2.4100000000003092
我手下一个探察家都没有,3144.0800000000004,3146.36,2.2799999999997453
地理学家是不去计算城市河流山脉海洋沙漠的,3147.0800000000004,3153.1800000000003,6.099999999999909
地理学家很重要不能到处跑,3154.0400000000004,3156.78,2.7399999999997817
他不能离开他的办公室,3157.4,3159.13,1.7300000000000182
但他可以在办公室里接见探察家,3159.8700000000003,3163.05,3.1799999999998363
他询问探察家把他们的回忆记录下来,3163.84,3167.3500000000004,3.5100000000002183
如果他认为其中有个探察家的回忆是有意思的那么地理学家就对这个探察家的品德做一番调查,3167.9700000000003,3177.8300000000004,9.860000000000127
这是为什么呢,3178.6800000000003,3179.9600000000005,1.2800000000002
因为一个说假话的探察家会给地理书带来灾难性的后果,3180.7400000000002,3186.15,5.4099999999998545
同样一个太爱喝酒的探察家也是如此,3186.7000000000003,3191.26,4.559999999999945
这又是为什么小王子说,3192.0400000000004,3195.0200000000004,2.980000000000018
因为喝醉了酒的人把一个看成两个那么地理学家就会把只有一座山的地方写成两座山,3195.8100000000004,3206.4600000000005,10.650000000000091
我认识一个人他要是搞探察的话就很可能是个不好的探察员小王子说,3207.0000000000005,3213.59,6.589999999999691
这是可能的,3214.2900000000004,3215.6000000000004,1.3099999999999454
因此如果探察家的品德不错就对他的发现进行调查,3216.15,3222.2400000000002,6.0900000000001455
去看一看吗,3222.9,3223.67,0.7699999999999818
不那太复杂了,3224.4600000000005,3226.3900000000003,1.9299999999998363
但是要求探察家提出证据来,3226.9800000000005,3229.7000000000003,2.7199999999998
例如假使他发现了一座大山就要求他带一些大石头,3230.2700000000004,3235.6400000000003,5.369999999999891
地理学家忽然忙乱起来,3236.61,3238.2400000000002,1.6300000000001091
正好你是从老远来的么,3238.7700000000004,3241.05,2.2799999999997453
你是个探察家,3241.51,3242.6200000000003,1.1100000000001273
你来给我介绍下你的星球吧,3243.1900000000005,3245.53,2.3399999999996908
于是已经打开登记簿的地理学家削起他的铅笔来,3245.9900000000002,3250.07,4.079999999999927
他首先是用铅笔记下探察家的叙述等到探察家提出了证据以后再用墨水笔记下来,3250.9,3257.15,6.25
怎么样地理学家询问道,3258.6400000000003,3261.3500000000004,2.7100000000000364
啊我那里小王子说道,3261.6900000000005,3264.3300000000004,2.6399999999998727
没有多大意思,3264.9400000000005,3266.0400000000004,1.099999999999909
那儿很小,3266.5200000000004,3267.26,0.7399999999997817
我有三座火山,3267.7100000000005,3268.8500000000004,1.1399999999998727
两座是活的一座是熄灭了的,3269.26,3272.15,2.8899999999998727
但是也很难说,3272.59,3273.67,1.0799999999999272
很难说地理学家说道,3273.9300000000003,3276.84,2.9099999999998545
我还有一朵花儿,3277.51,3278.4800000000005,0.9700000000002547
我们是不记载花卉的地理学家说,3279.1800000000003,3282.8100000000004,3.630000000000109
这是为什么,3283.4700000000003,3284.34,0.8699999999998909
花是我的星球上最美丽的东西,3284.8700000000003,3287.5000000000005,2.630000000000109
因为花卉是短暂的,3288.2400000000002,3291.11,2.869999999999891
什么叫短暂,3291.76,3293.4700000000003,1.7100000000000364
地理学书籍是所有书中最严肃的书地理学家说道,3294.4800000000005,3300.2900000000004,5.809999999999945
这类书是从不会过时的,3300.9700000000003,3303.6800000000003,2.7100000000000364
很少会发生一座山变换了位置,3304.2900000000004,3307.53,3.2399999999997817
很少会出现一个海洋干涸的现象,3307.86,3311.4100000000003,3.550000000000182
我们要写永恒的东西,3312.1400000000003,3315.1600000000003,3.019999999999982
但是熄灭的火山也可能会再复苏的小王子打断了地理学家,3315.9700000000003,3322.21,6.239999999999782
什么叫短暂,3322.96,3324.42,1.4600000000000364
火山是熄灭了的也好苏醒的也好这对我们这些人来讲都是一回事地理学家说,3325.26,3333.9100000000003,8.650000000000091
对我们来说重要的是山,3334.42,3337.4100000000003,2.9900000000002365
山是不会变换位置的,3338.11,3341.2500000000005,3.1400000000003274
但是短暂是什么意思小王子再三地问道,3342.13,3347.13,5.0
他一旦提出一个问题是从不放过的,3347.7000000000003,3350.34,2.6399999999998727
意思就是有很快就会消失的危险,3351.1000000000004,3355.8,4.699999999999818
我的花是很快就会消失的吗,3356.78,3359.59,2.8099999999999454
那当然,3360.1900000000005,3361.7200000000003,1.5299999999997453
小王子自言自语地说我的花是短暂的而且她只有四根刺来防御外侮可我还把她独自留在家里,3362.7200000000003,3373.6000000000004,10.88000000000011
这是他第一次产生了后悔,3374.6800000000003,3376.7400000000002,2.0599999999999454
但他又重新振作起来,3377.4700000000003,3379.2200000000003,1.75
您是否能建议我去看些什么小王子问道,3379.59,3383.6200000000003,4.0300000000002
地球这颗行星地理学家回答他说,3384.5000000000005,3388.59,4.089999999999691
它的名望很高,3389.1800000000003,3391.9400000000005,2.7600000000002183
于是小王子就走了,3393.13,3394.92,1.7899999999999636
他一边走一边想着他的花,3395.5800000000004,3397.82,2.2399999999997817
第七个行星于是就是地球了,3398.76,3402.0600000000004,3.300000000000182
地球可不是一颗普通的行星,3402.9500000000003,3405.13,2.1799999999998363
它上面有一百一十一个国王当然没有漏掉黑人国王七千个地理学家九十万个实业家七百五十万个酒鬼三亿一千一百万个爱虚荣的人,3405.7200000000003,3418.1500000000005,12.430000000000291
也就是说大约有二十亿的大人,3418.78,3421.7900000000004,3.0100000000002183
为了使你们对地球的大小有一个概念我想要告诉你们在发明电之前在六个大洲上为了点路灯需要维持一支为数四十六万二千五百一十一人的真正大军,3422.8100000000004,3436.51,13.699999999999818
从稍远的地方看过去它给人以一种壮丽辉煌的印象,3437.11,3441.3700000000003,4.260000000000218
这支军队的行动就像歌剧院的芭蕾舞动作一样那么有条不紊,3442.0200000000004,3446.67,4.649999999999636
首先出现的是新西兰和澳大利亚的点灯人,3447.28,3450.17,2.8899999999998727
点着了灯随后他们就去睡觉了,3450.8900000000003,3453.3900000000003,2.5
于是就轮到中国和西伯利亚的点灯人走上舞台,3454.0800000000004,3457.2300000000005,3.150000000000091
随后他们也藏到幕布后面去了,3457.5400000000004,3459.8900000000003,2.349999999999909
于是就又轮到俄罗斯和印度的点灯人了,3460.63,3463.6800000000003,3.050000000000182
然后就是非洲和欧洲的,3464.4100000000003,3466.2900000000004,1.8800000000001091
接着是南美的,3466.8500000000004,3468.1800000000003,1.3299999999999272
再就是北美的,3468.59,3469.6600000000003,1.0700000000001637
他们从来也不会搞错他们上场的次序,3470.17,3472.6200000000003,2.450000000000273
真了不起,3473.01,3473.7500000000005,0.7400000000002365
北极仅有一盏路灯,3474.6500000000005,3476.2900000000004,1.6399999999998727
南极也只有一盏,3476.7200000000003,3478.21,1.4899999999997817
唯独北极的点灯人和他南极的同行过着闲逸懒散的生活,3478.6600000000003,3483.21,4.549999999999727
他们每年只工作两次,3483.78,3485.6000000000004,1.8200000000001637
当人们想要说得俏皮些的时候说话就可能会不大实在,3486.5200000000004,3490.4900000000002,3.9699999999998
在给你们讲点灯人的时候我就不那么忠实,3491.2300000000005,3494.8,3.569999999999709
很可能给不了解我们这星球的人们造成一个错误的概念,3495.2300000000005,3499.1500000000005,3.9200000000000728
在地球上人们所占的位置非常小,3499.7900000000004,3502.4800000000005,2.6900000000000546
如果住在地球上的二十亿居民全站着并且像开大会一样靠得紧些那么就可以从容地站在一个二十海里见方的广场上,3503.07,3512.1500000000005,9.080000000000382
也就是说可以把整个人类集中在太平洋中一个最小的岛屿上,3512.53,3517.09,4.559999999999945
当然大人们是不会相信你们的,3517.8300000000004,3520.6900000000005,2.8600000000001273
他们自以为要占很大地方,3521.3300000000004,3522.9800000000005,1.650000000000091
他们把自己看得像猴面包树那样大得了不起,3523.4000000000005,3526.4000000000005,3.0
你们可以建议他们计算一下,3526.86,3528.4700000000003,1.6100000000001273
这样会使他们很高兴,3528.9700000000003,3530.2500000000005,1.2800000000002
因为他们非常喜欢数字,3530.9500000000003,3532.6800000000003,1.7300000000000182
可是你们无需浪费时间去做这种乏味得连篇累牍的演算,3533.07,3537.6000000000004,4.5300000000002
这没有必要,3538.0000000000005,3538.84,0.8399999999996908
你们可以完全相信我,3539.36,3540.86,1.5
小王子到了地球上感到非常奇怪,3541.7400000000002,3544.09,2.349999999999909
他一个人也没有看到,3544.6500000000005,3545.8700000000003,1.2199999999998
他正担心自己跑错了星球,3546.4800000000005,3548.09,1.6099999999996726
这时在沙地上有一个月光色的圆环在蠕动,3548.6400000000003,3552.03,3.3899999999998727
小王子毫无把握地随便说了声晚安,3552.7200000000003,3555.8900000000003,3.1700000000000728
晚安蛇说道,3556.6500000000005,3558.7400000000002,2.0899999999996908
我落在什么行星上小王子问道,3559.6900000000005,3562.8900000000003,3.199999999999818
在地球上在非洲蛇回答道,3563.3700000000003,3567.1500000000005,3.7800000000002
啊怎么难道说地球上没有人吗,3567.8,3571.7900000000004,3.9900000000002365
这里是沙漠,3572.5400000000004,3573.86,1.319999999999709
沙漠中没有人,3574.3,3575.63,1.3299999999999272
地球是很大的蛇说,3576.1400000000003,3578.9800000000005,2.8400000000001455
小王子坐在一块儿石头上抬眼望着天空说道我琢磨这些星星闪闪发亮是否为了让每个人将来有一天都能重新找到自己的星球,3579.92,3591.17,11.25
看我那颗行星它恰好在我们头顶上,3591.7200000000003,3595.01,3.2899999999999636
可是它离我们好远哟,3595.7700000000004,3598.2900000000004,2.519999999999982
它很美蛇说,3599.0000000000005,3601.03,2.0299999999997453
你到这里来干什么呢,3601.5400000000004,3603.63,2.0899999999996908
我和一朵花闹了别扭小王子说,3604.57,3608.2500000000005,3.680000000000291
啊蛇说道,3608.8500000000004,3610.8900000000003,2.0399999999999636
于是他们都沉默下来,3611.9000000000005,3614.1900000000005,2.2899999999999636
人在什么地方小王子终于又开了腔,3615.2000000000003,3619.2900000000004,4.0900000000001455
在沙漠上真有点孤独,3619.7000000000003,3622.2900000000004,2.5900000000001455
到了有人的地方也一样孤独蛇说,3623.4000000000005,3627.9500000000003,4.549999999999727
小王子长时间地看着蛇,3628.8100000000004,3630.61,1.7999999999997272
你是个奇怪的动物小王子终于说道,3631.57,3635.5000000000005,3.930000000000291
细得像个手指头,3636.2900000000004,3638.26,1.9699999999998
但我比一个国王的手指更有威力蛇说道,3639.01,3644.1800000000003,5.170000000000073
小王子微笑着说你并不那么有威力,3644.9000000000005,3647.9500000000003,3.049999999999727
你脚都没有,3648.38,3649.4400000000005,1.0600000000004002
你甚至都不能旅行,3649.82,3651.57,1.75
我可以把你带到很远的地方去,3652.4300000000003,3655.2200000000003,2.7899999999999636
比一只船能去的地方还要远蛇说道,3655.6600000000003,3659.28,3.619999999999891
蛇就盘结在小王子的脚腕子上像一只金镯子,3659.9100000000003,3663.28,3.369999999999891
被我碰触的人我就把他送回老家去蛇还说,3664.3500000000004,3669.3500000000004,5.0
可是你是纯洁的而且是从另一个星球上来的,3670.0200000000004,3674.59,4.569999999999709
小王子什么也没有回答,3675.3500000000004,3677.1400000000003,1.7899999999999636
在这个花岗石的地球上你这么弱小,3677.9300000000003,3681.36,3.4299999999998363
我很可怜你,3681.6600000000003,3682.92,1.2599999999997635
如果你非常怀念你的星球那时我可以帮助你,3683.59,3687.9400000000005,4.350000000000364
我可以,3688.26,3689.1600000000003,0.900000000000091
啊我很明白你的意思小王子说,3689.7900000000004,3692.96,3.169999999999618
但是你为什么说话总是像让人猜谜语似的,3693.71,3697.4300000000003,3.7200000000002547
这些谜语我都能解开的蛇说,3698.17,3702.1800000000003,4.010000000000218
于是他们又都沉默起来,3702.92,3705.09,2.1700000000000728
小王子穿过沙漠他只见过一朵花,3706.03,3708.9100000000003,2.880000000000109
一个有着三枚花瓣的花朵,3709.4400000000005,3711.3700000000003,1.9299999999998363
一朵很不起眼的小花,3711.9900000000002,3713.88,1.8899999999998727
你好小王子说,3714.7700000000004,3716.4400000000005,1.6700000000000728
你好花说,3717.28,3718.7900000000004,1.5100000000002183
人在什么地方小王子有礼貌地问道,3719.8100000000004,3723.67,3.8599999999996726
有一天花曾看见一只骆驼商队走过,3724.63,3727.7500000000005,3.1200000000003456
人吗我想大约有六七个人,3728.7300000000005,3732.1900000000005,3.4600000000000364
几年前我瞅见过他们,3732.84,3735.0000000000005,2.1600000000003092
可是从来不知道到什么地方去找他们,3735.5800000000004,3738.6600000000003,3.0799999999999272
风吹着他们到处跑,3739.3100000000004,3740.7300000000005,1.4200000000000728
他们没有根,3741.21,3742.0000000000005,0.7900000000004184
这对他们来说是很不方便的,3742.5800000000004,3744.8100000000004,2.230000000000018
再见了小王子说,3745.7700000000004,3747.7500000000005,1.9800000000000182
再见花说,3748.2500000000005,3749.9900000000002,1.7399999999997817
之后小王子爬上一座高山,3750.8700000000003,3753.2500000000005,2.380000000000109
过去他所见过的山就是那三座只有他膝盖那么高的火山,3753.88,3757.7300000000005,3.850000000000364
并且他把那座熄灭了的火山就当作凳子,3758.4500000000003,3761.7900000000004,3.3400000000001455
小王子自言自语地说道从这么高的山上我一眼可以看到整个星球以及所有的人,3762.5400000000004,3770.01,7.4699999999998
可是他所看到的只是一些非常锋利的悬崖峭壁,3771.1400000000003,3775.2000000000003,4.059999999999945
你好小王子试探地问道,3776.0000000000005,3779.0200000000004,3.019999999999982
你好,3779.8900000000003,3780.59,0.6999999999998181
你好,3781.1600000000003,3781.78,0.6199999999998909
你好回音在回答道,3782.36,3785.11,2.75
你们是什么人小王子问,3785.9000000000005,3789.0000000000005,3.099999999999909
你们是什么人,3789.8500000000004,3791.4300000000003,1.5799999999999272
你们是什么人,3792.0400000000004,3793.6000000000004,1.5599999999999454
你们是什么人回音又回答道,3794.1500000000005,3798.51,4.359999999999673
请你们做我的朋友吧,3799.4400000000005,3801.3300000000004,1.8899999999998727
我很孤独他说,3801.92,3804.2500000000005,2.330000000000382
我很孤独,3805.11,3806.1400000000003,1.0300000000002
我很孤独,3806.63,3807.59,0.9600000000000364
我很孤独回音又回答着,3808.0600000000004,3811.84,3.7799999999997453
小王子想道这颗行星真奇怪,3812.57,3815.71,3.1399999999998727
它上面全是干巴巴的而且又尖利又咸涩,3816.1600000000003,3820.1600000000003,4.0
人们一点儿想象力都没有,3820.59,3822.13,1.5399999999999636
他们只是重复别人对他们说的话,3822.6000000000004,3824.5400000000004,1.9400000000000546
在我的家乡我有一朵花,3825.13,3827.5600000000004,2.430000000000291
她总是自己先说话,3828.2000000000003,3829.8100000000004,1.6100000000001273
在沙漠岩石雪地上行走了很长的时间以后小王子终于发现了一条大路,3829.8100000000004,3836.6500000000005,6.8400000000001455
所有的大路都是通往人住的地方的,3837.3700000000003,3839.9800000000005,2.6100000000001273
你们好小王子说,3840.8700000000003,3842.9200000000005,2.050000000000182
这是一个玫瑰盛开的花园,3843.7300000000005,3845.7300000000005,2.0
你好玫瑰花说道,3846.0400000000004,3848.3300000000004,2.2899999999999636
小王子瞅着这些花,3848.8100000000004,3850.2400000000002,1.4299999999998363
她们全都和他的那朵花一样,3850.7100000000005,3852.4000000000005,1.6900000000000546
你们是什么花小王子惊奇地问道,3853.0800000000004,3856.3400000000006,3.2600000000002183
我们是玫瑰花花儿们说道,3857.0600000000004,3860.2000000000003,3.1399999999998727
他感到自己非常不幸,3861.2100000000005,3862.9200000000005,1.7100000000000364
他的那朵花曾对他说她是整个宇宙中独一无二的一种花,3863.5200000000004,3867.9300000000003,4.4099999999998545
可是仅在这一座花园里就有五千朵完全一样的这种花朵,3868.3700000000003,3873.1600000000003,4.789999999999964
小王子自言自语地说如果她看到这些她是一定会很恼火,3874.0000000000005,3880.3900000000003,6.389999999999873
她会咳嗽得更厉害并且为避免让人耻笑她会佯装死去,3880.9800000000005,3886.6200000000003,5.639999999999873
那么我还得装着去护理她,3887.3800000000006,3889.8200000000006,2.4400000000000546
因为如果不这样的话她为了使我难堪她可能会真的死去,3890.2700000000004,3895.8600000000006,5.5900000000001455
接着他又说道我还以为我有一朵独一无二的花呢,3896.7200000000003,3902.4300000000003,5.710000000000036
我有的仅是一朵普通的花,3903.1600000000003,3905.26,2.099999999999909
这朵花再加上三座只有我膝盖那么高的火山而且其中一座还可能是永远熄灭了的,3906.1600000000003,3913.3,7.139999999999873
这一切不会使我成为一个了不起的王子,3914.28,3918.03,3.75
于是他躺在草丛中哭泣起来,3918.6400000000003,3921.53,2.8899999999998727
就在这当儿跑来了一只狐狸,3922.5000000000005,3924.8500000000004,2.349999999999909
你好狐狸说,3926.0400000000004,3928.1200000000003,2.0799999999999272
你好小王子很有礼貌地回答道,3929.1000000000004,3931.9200000000005,2.8200000000001637
他转过身来但什么也没有看到,3932.5800000000004,3934.8400000000006,2.2600000000002183
我在这儿在苹果树下那声音说,3936.2400000000002,3940.2000000000003,3.9600000000000364
你是谁小王子说,3940.9700000000003,3943.2200000000003,2.25
你很漂亮,3944.0400000000004,3944.8300000000004,0.7899999999999636
我是一只狐狸狐狸说,3945.9200000000005,3949.2700000000004,3.349999999999909
来和我一起玩儿吧小王子建议道,3950.1300000000006,3952.7500000000005,2.619999999999891
我很苦恼,3953.5200000000004,3955.51,1.9899999999997817
我不能和你一起玩狐狸说,3956.3500000000004,3958.8800000000006,2.5300000000002
我还没有被驯服呢,3959.9500000000003,3961.9700000000003,2.019999999999982
啊真对不起小王子说,3962.78,3966.1600000000003,3.380000000000109
思索了一会儿他又说道什么叫驯服呀,3966.5800000000004,3970.9100000000003,4.329999999999927
你不是此地人狐狸说,3971.6900000000005,3974.4300000000003,2.7399999999997817
你来寻找什么,3975.0900000000006,3976.4000000000005,1.3099999999999454
我来找人小王子说,3977.3500000000004,3979.6600000000003,2.3099999999999454
什么叫驯服呢,3980.3400000000006,3981.9100000000003,1.569999999999709
人狐狸说,3982.8100000000004,3984.6700000000005,1.8600000000001273
他们有枪,3985.1800000000003,3986.0400000000004,0.8600000000001273
他们还打猎,3986.5200000000004,3987.3700000000003,0.849999999999909
这真碍事,3987.8300000000004,3988.6100000000006,0.7800000000002001
他们也养鸡,3989.1700000000005,3990.1900000000005,1.0199999999999818
这些是他们唯一的可取之处,3990.76,3993.1000000000004,2.3400000000001455
你是来寻找鸡的吗,3993.7300000000005,3994.9200000000005,1.1900000000000546
不小王子说,3995.6900000000005,3997.26,1.569999999999709
我是来找朋友的,3997.9800000000005,3999.1300000000006,1.150000000000091
什么叫驯服呢,3999.7900000000004,4001.1500000000005,1.3600000000001273
这是已经早就被人遗忘了的事情狐狸说,4002.4900000000002,4006.3200000000006,3.830000000000382
它的意思就是建立联系,4007.0900000000006,4009.7900000000004,2.699999999999818
建立联系,4010.6100000000006,4011.4000000000005,0.7899999999999636
一点不错狐狸说,4012.0000000000005,4014.3,2.299999999999727
对我来说你还只是一个小男孩儿就像其他千万个小男孩儿一样,4015.0400000000004,4020.6400000000003,5.599999999999909
我不需要你你也同样用不着我,4021.2000000000003,4024.0400000000004,2.8400000000001455
对你来说我也不过是一只狐狸和其他千万只狐狸一样,4024.7700000000004,4030.5200000000004,5.75
但是如果你驯服了我我们就互相不可缺少了,4031.4800000000005,4036.4100000000003,4.929999999999836
对我来说你就是世界上唯一的了,4037.1800000000003,4039.5600000000004,2.380000000000109
我对你来说也是世界上唯一的了,4040.1600000000003,4042.76,2.599999999999909
我有点儿明白了小王子说,4043.7100000000005,4046.8400000000006,3.130000000000109
有一朵花我想她把我驯服了,4047.6900000000005,4051.4200000000005,3.730000000000018
这是可能的狐狸说,4051.7900000000004,4054.3,2.5099999999997635
世界上什么样的事儿都可能看到,4055.1500000000005,4057.5800000000004,2.4299999999998363
啊这不是在地球上的事儿小王子说,4058.26,4061.9200000000005,3.6600000000003092
狐狸感到十分蹊跷,4062.78,4064.01,1.2300000000000182
在另一个星球上,4064.7000000000003,4066.1800000000003,1.4800000000000182
是的,4066.7000000000003,4067.1200000000003,0.42000000000007276
在那个星球上有猎人吗,4067.7500000000005,4069.9100000000003,2.1599999999998545
没有,4070.6100000000006,4071.1000000000004,0.4899999999997817
这很有意思,4071.7700000000004,4072.6600000000003,0.8899999999998727
那么有鸡吗,4073.0600000000004,4074.6600000000003,1.599999999999909
没有,4075.3600000000006,4075.9200000000005,0.5599999999999454
没有十全十美的狐狸叹息的说道,4076.8700000000003,4080.6600000000003,3.7899999999999636
可是狐狸又把话题拉回来,4081.1900000000005,4083.1200000000003,1.9299999999998363
我的生活很单调,4083.8600000000006,4085.4000000000005,1.5399999999999636
我捕捉鸡而人又捕捉我,4086.0300000000007,4088.6500000000005,2.619999999999891
所有的鸡全都一样,4089.1500000000005,4090.6100000000006,1.4600000000000364
所有的人也全都一样,4090.8500000000004,4092.4400000000005,1.5900000000001455
因此我感到有些厌烦了,4092.8600000000006,4095.2000000000003,2.3399999999996908
但是如果你要是驯服了我我的生活就一定会是欢快的,4096.06,4100.68,4.619999999999891
我会辨认出一种与众不同的脚步声,4101.290000000001,4103.490000000001,2.199999999999818
其他的脚步声会使我躲到地下去而你的脚步声就会像音乐一样让我从洞里走出来,4103.76,4110.7300000000005,6.970000000000255
再说你看你看到那边的麦田没有,4111.38,4114.18,2.800000000000182
我不吃面包,4114.75,4115.620000000001,0.8700000000008004
麦子对我来说一点儿用也没有,4116.08,4118.0,1.9200000000000728
我对麦田无动于衷,4118.89,4120.38,1.4899999999997817
而这真使人扫兴,4120.97,4123.1,2.130000000000109
但是你有着金黄色的头发,4123.900000000001,4126.02,2.119999999999891
那么一旦你驯服了我这就会十分美妙,4126.570000000001,4130.18,3.6099999999996726
麦子是金黄色的,4130.780000000001,4132.56,1.7799999999997453
它就会使我想起你,4133.0,4134.410000000001,1.410000000000764
而且我甚至会喜欢那风吹麦浪的声音,4135.0,4138.320000000001,3.3200000000006185
狐狸沉默不语久久地看着小王子,4139.55,4142.870000000001,3.3200000000006185
请你驯服我吧它说,4143.63,4146.490000000001,2.860000000000582
我是很愿意的小王子回答道,4147.410000000001,4149.900000000001,2.4899999999997817
可我的时间不多了,4150.55,4151.76,1.2100000000000364
我还要去寻找朋友,4152.31,4153.52,1.2100000000000364
还有许多事物要了解,4154.070000000001,4155.540000000001,1.4700000000002547
只有被驯服了的事物才会被了解狐狸说,4156.34,4160.370000000001,4.030000000000655
人不会再有时间去了解任何东西的,4161.360000000001,4164.1,2.7399999999997817
他们总是到商人那里去购买现成的东西,4164.67,4167.530000000001,2.860000000000582
因为世界上还没有购买朋友的商店所以人也就没有朋友,4168.01,4172.93,4.920000000000073
如果你想要一个朋友那就驯服我吧,4173.650000000001,4177.27,3.619999999999891
那么应当做些什么呢小王子说,4178.070000000001,4181.540000000001,3.4700000000002547
应当非常耐心狐狸回答道,4182.05,4185.040000000001,2.990000000000691
开始你就这样坐在草丛中坐得离我稍微远些,4185.5,4189.22,3.7200000000002547
我用眼角瞅着你,4189.76,4190.89,1.1300000000001091
你什么也不要说,4191.2300000000005,4192.120000000001,0.8900000000003274
话语是误会的根源,4192.63,4194.6,1.9700000000002547
但是每天你坐得靠我更近些,4195.21,4198.2300000000005,3.0200000000004366
第二天小王子又来了,4199.610000000001,4201.96,2.3499999999994543
最好还是在原来的那个时间来狐狸说道,4202.64,4205.990000000001,3.350000000000364
比如说你下午四点钟来那么从三点钟起我就开始感到幸福,4206.620000000001,4212.06,5.4399999999996
时间越接近我就越感到幸福,4212.59,4215.400000000001,2.8100000000004
到了四点钟的时候我就会坐立不安,4215.88,4218.55,2.6700000000000728
我就会发现幸福的代价,4219.09,4220.97,1.8800000000001091
但是如果你随便什么时候来我就不知道在什么时候该准备好我的心情,4221.820000000001,4227.6,5.779999999999745
应当有一定的仪式,4228.0,4229.530000000001,1.5300000000006548
仪式是什么小王子问道,4230.56,4233.97,3.4099999999998545
这也是一种早已被人忘却了的事儿狐狸说,4234.4800000000005,4238.6,4.119999999999891
它就是使某一天与其他日子不同使某一时刻与其他时刻不同,4239.34,4244.92,5.579999999999927
比如说我的那些猎人就有一种仪式,4245.450000000001,4248.35,2.899999999999636
他们每星期四都和村子里的姑娘们跳舞,4248.71,4251.92,3.2100000000000364
于是星期四就是一个美好的日子,4252.4400000000005,4254.93,2.4899999999997817
我可以一直散步到葡萄园去,4255.56,4257.39,1.8299999999999272
如果猎人们什么时候都跳舞天天又全都一样那么我也就没有假日了,4257.84,4263.530000000001,5.690000000000509
就这样小王子驯服了狐狸,4264.39,4266.85,2.4600000000000364
当离别的时刻就快要来到时啊狐狸说,4267.490000000001,4272.0,4.509999999999309
我一定会哭的,4272.740000000001,4274.02,1.2799999999997453
这是你的过错小王子说,4275.09,4277.43,2.3400000000001455
我本来并不想给你任何痛苦可你却要我驯服你,4278.0,4282.08,4.079999999999927
是这样的狐狸说,4282.700000000001,4284.860000000001,2.1599999999998545
你可就要哭了小王子说,4285.68,4288.7300000000005,3.050000000000182
当然啰狐狸说,4289.34,4291.290000000001,1.9500000000007276
那么你什么好处也没得到,4292.13,4294.42,2.2899999999999636
由于麦子颜色的缘故我还是得到了好处狐狸说,4295.27,4300.150000000001,4.880000000000109
然后它又接着说再去看看那些玫瑰花吧,4300.75,4304.97,4.220000000000255
你一定会明白你的那朵是世界上独一无二的玫瑰,4305.43,4310.42,4.989999999999782
你回来和我告别时我再赠送给你一个秘密,4310.92,4314.88,3.9600000000000364
于是小王子又去看那些玫瑰,4316.06,4318.290000000001,2.230000000000473
你们一点儿也不像我的那朵玫瑰,4319.4400000000005,4321.780000000001,2.3400000000001455
你们还什么都不是呢小王子对她们说,4322.360000000001,4325.63,3.269999999999527
没有人驯服过你们,4326.370000000001,4327.56,1.1899999999995998
你们也没有驯服过任何人,4328.0,4329.820000000001,1.8200000000006185
你们就像我的狐狸过去那样,4330.400000000001,4332.040000000001,1.6400000000003274
它那时只是和千万只别的狐狸一样的一只狐狸,4332.64,4336.21,3.569999999999709
但是我现在已经把它当成了我的朋友,4336.84,4339.610000000001,2.7700000000004366
于是它现在就是世界上独一无二的了,4340.18,4343.26,3.0799999999999272
这时那些玫瑰花显得十分难堪,4344.34,4347.3,2.9600000000000364
你们很美但你们是空虚的小王子继续说,4348.1900000000005,4353.290000000001,5.100000000000364
没有人能为你们去死,4354.070000000001,4355.96,1.889999999999418
当然我的那朵玫瑰花一个普通的过路人以为她和你们一样,4356.81,4361.68,4.869999999999891
可是她单独一朵就比你们全体更重要,4362.450000000001,4365.72,3.269999999999527
因为她是我浇灌的,4366.400000000001,4367.72,1.319999999999709
因为她是我放在花罩中的,4368.26,4370.33,2.069999999999709
因为她是我用屏风保护起来的,4370.96,4373.21,2.25
因为她身上的毛虫除了留下两三只为了变蝴蝶而外是我除灭的,4373.820000000001,4379.67,5.849999999999454
因为我倾听过她的埋怨和自诩甚至有时我聆听着她的沉默,4380.1900000000005,4386.14,5.949999999999818
因为她是我的玫瑰,4386.92,4389.3,2.380000000000109
他又回到了狐狸身边,4389.620000000001,4391.280000000001,1.6599999999998545
再见了小王子说道,4392.200000000001,4394.51,2.3099999999994907
再见狐狸说,4395.3,4397.21,1.9099999999998545
喏这就是我的秘密很简单只有用心才能看得清,4398.070000000001,4404.4400000000005,6.369999999999891
实质性的东西用眼睛是看不见的,4405.290000000001,4408.6,3.3099999999994907
实质性的东西用眼睛是看不见的小王子重复着这句话以便能把它记在心间,4409.860000000001,4418.8,8.9399999999996
正因为你为你的玫瑰花费了时间这才使你的玫瑰变得如此重要,4419.92,4425.540000000001,5.6200000000008
正因为你为你的玫瑰花费了时间小王子又重复着要使自己记住这些,4426.660000000001,4433.84,7.1799999999993815
人们已经忘记了这个道理狐狸说,4435.0,4438.47,3.4700000000002547
可是你不应该忘记它,4438.97,4440.910000000001,1.9400000000005093
你现在要对你驯服过的一切负责到底,4441.320000000001,4444.64,3.319999999999709
你要对你的玫瑰负责,4445.31,4446.84,1.5299999999997453
我要对我的玫瑰负责小王子又重复着这样他能够记住,4447.820000000001,4454.93,7.109999999999673
你好小王子说道,4455.870000000001,4457.790000000001,1.9200000000000728
你好扳道工说道,4458.530000000001,4460.72,2.1899999999996
你在这里做什么小王子问,4461.530000000001,4464.290000000001,2.7600000000002183
我一包包地分选旅客按每千人一包扳道工说,4464.96,4470.040000000001,5.080000000000837
我打发这些运载旅客的列车,4470.410000000001,4472.8,2.389999999999418
一会儿发往右方一会儿发往左方,4473.120000000001,4475.84,2.719999999999345
这时一列灯火明亮的快车雷鸣般地响着把扳道房震得颤颤悠悠,4476.790000000001,4482.860000000001,6.069999999999709
他们真匆忙呀小王子说,4483.790000000001,4486.160000000001,2.369999999999891
他们要寻找什么,4486.71,4487.9400000000005,1.230000000000473
开机车的人自己也不知道扳道工说道,4488.450000000001,4492.150000000001,3.699999999999818
于是第二列灯火通明的快车又朝着相反的方向轰隆轰隆地开过去,4492.910000000001,4498.160000000001,5.25
他们怎么又回来了呢小王子问道,4498.9400000000005,4502.09,3.149999999999636
他们不是原来那些人了扳道工说,4502.860000000001,4505.620000000001,2.7600000000002183
这是一次对开列车,4506.290000000001,4508.01,1.7199999999993452
他们不满意他们原来所住的地方吗,4508.860000000001,4511.63,2.769999999999527
人们是从来也不会满意自己所在的地方的扳道工说,4512.09,4516.860000000001,4.770000000000437
此时第三趟灯火明亮的快车又隆隆而过,4517.320000000001,4521.02,3.699999999999818
他们是在追随第一批旅客吗小王子问道,4521.89,4526.200000000001,4.3100000000004
他们什么也不追随扳道工说,4526.88,4529.2300000000005,2.350000000000364
他们在里面睡觉或是在打哈欠,4529.9400000000005,4533.040000000001,3.100000000000364
只有孩子们把鼻子贴在玻璃窗上往外看,4533.570000000001,4536.88,3.3099999999994907
只有孩子知道他们自己在寻找什么小王子说,4537.93,4542.43,4.5
他们为一个布娃娃花费不少时间,4543.31,4545.89,2.5799999999999272
这个布娃娃就成了很重要的东西,4546.34,4548.700000000001,2.360000000000582
如果有人夺走了他们的布娃娃他们就哭泣,4549.120000000001,4552.910000000001,3.7899999999999636
他们真幸运扳道工说,4553.72,4556.4400000000005,2.7200000000002547
你好小王子说,4556.4400000000005,4558.1,1.6599999999998545
你好商人说道,4558.76,4560.51,1.75
这是一位贩卖能够止渴的精致药丸的商人,4561.370000000001,4564.34,2.969999999999345
每周吞服一丸就不会感觉口渴,4564.910000000001,4567.2300000000005,2.319999999999709
你为什么卖这玩意儿小王子说,4568.280000000001,4570.990000000001,2.7100000000000364
这就大大地节约了时间商人说,4572.040000000001,4575.18,3.139999999999418
专家们计算过这样每周可以节约五十三分钟,4575.740000000001,4579.830000000001,4.0900000000001455
那么用这五十三分钟做什么用,4580.400000000001,4583.22,2.819999999999709
随便怎么用都行,4584.09,4585.39,1.300000000000182
小王子自言自语地说我如果有五十三分钟可支配我就悠哉悠哉地向水泉走去,4586.530000000001,4594.460000000001,7.930000000000291
这是我在沙漠上出了事故的第八天,4595.410000000001,4598.160000000001,2.75
我听着有关这个商人的故事喝完了我所备用的最后一滴水,4599.14,4603.26,4.119999999999891
啊我对小王子说你回忆的这些故事真美,4604.620000000001,4608.8,4.1799999999993815
可是我还没有修好我的飞机,4609.620000000001,4612.02,2.399999999999636
我没有喝的了,4612.63,4613.42,0.7899999999999636
假如我能悠哉悠哉地走到水泉边去我一定也会很高兴的,4614.110000000001,4618.85,4.739999999999782
小王子对我说我的朋友狐狸,4619.93,4622.960000000001,3.030000000000655
我的小家伙现在还说什么狐狸,4623.900000000001,4626.160000000001,2.2600000000002183
为什么,4626.950000000001,4627.55,0.5999999999994543
因为我就要渴死了,4628.51,4631.000000000001,2.490000000000691
他不理解我的思路,4632.1,4633.1900000000005,1.0900000000001455
他回答我道即使快要死了有过一个朋友也好么,4633.910000000001,4638.370000000001,4.460000000000036
我就为我有过一个狐狸朋友而感到高兴,4639.06,4641.92,2.8599999999996726
他不顾危险我自己思量着,4643.150000000001,4645.910000000001,2.7600000000002183
他从来不知道饥渴,4646.660000000001,4647.92,1.2599999999993088
只要有点儿阳光他就满足了,4648.530000000001,4650.38,1.8499999999994543
他看着我答复着我的思想我也渴了,4651.240000000001,4655.02,3.7799999999997453
我们去找一口井吧,4655.740000000001,4657.51,1.769999999999527
我显出厌烦的样子,4658.700000000001,4659.84,1.139999999999418
在茫茫的大沙漠上盲目地去找水井,4660.410000000001,4663.35,2.9399999999996
真荒唐,4663.870000000001,4664.6,0.7299999999995634
然而我们还是开始去寻找了,4665.620000000001,4668.070000000001,2.449999999999818
当我们默默地走了好几个小时以后天黑了下来,4669.330000000001,4672.89,3.5599999999994907
星星开始发出光亮,4673.68,4675.540000000001,1.860000000000582
由于渴我有点儿发烧,4676.59,4678.43,1.8400000000001455
我看着这些星星像是在做梦一样,4679.13,4681.330000000001,2.2000000000007276
小王子的话在我的脑海中跳来跳去,4682.110000000001,4684.92,2.8099999999994907
你也渴吗我问他,4686.150000000001,4687.9400000000005,1.7899999999999636
他却不回答我的问题只是对我说水对心也是有益处的,4688.55,4694.120000000001,5.5700000000006185
我不懂他的话是什么意思,4695.200000000001,4696.63,1.4299999999993815
可我也不做声,4697.31,4698.4800000000005,1.1700000000000728
我知道不应该去问他,4699.31,4700.81,1.5
他累了,4701.63,4702.1900000000005,0.5600000000004002
他坐下来,4702.990000000001,4703.6900000000005,0.6999999999998181
我在他身旁坐下,4704.27,4705.3,1.0299999999997453
沉默了一会儿他又说道星星是很美的因为有一朵人们看不到的花,4706.01,4712.77,6.760000000000218
我回答道当然,4713.72,4715.3,1.5799999999999272
而我默默地看着月光下沙漠的褶皱,4715.92,4719.370000000001,3.4500000000007276
沙漠是美的他又说道,4720.280000000001,4723.660000000001,3.380000000000109
确实如此我一直很喜欢沙漠,4724.500000000001,4726.870000000001,2.369999999999891
坐在一个沙丘上什么也看不见听不见但是却有一种说不出的东西在默默地放着光芒,4727.410000000001,4734.950000000001,7.539999999999964
使沙漠更加美丽的就是在某个角落里藏着一口井,4736.330000000001,4741.040000000001,4.710000000000036
我很惊讶突然明白了为什么沙漠放着光芒,4742.17,4745.830000000001,3.660000000000764
当我还是一个小孩子的时候我住在一座古老的房子里而且传说这个房子里埋藏着一个宝贝,4746.68,4753.47,6.789999999999964
当然从来没有任何人能发现这个宝贝,4754.240000000001,4757.27,3.0299999999997453
可能甚至也没有人去寻找过,4758.02,4760.51,2.4899999999997817
但是这个宝贝使整个房子着了魔似的,4761.210000000001,4764.990000000001,3.7799999999997453
我家的房子在它的心灵深处隐藏着一个秘密,4765.990000000001,4769.110000000001,3.119999999999891
是的我对小王子说道,4769.93,4771.88,1.949999999999818
无论是房子星星或是沙漠使它们美丽的东西是看不见的,4772.47,4777.14,4.670000000000073
我真高兴你和我的狐狸的看法一样小王子说,4777.960000000001,4782.410000000001,4.449999999999818
小王子睡觉了,4783.500000000001,4784.51,1.0099999999993088
我就把他抱在怀里又重新上路了,4785.3,4788.56,3.2600000000002183
我很激动就好像抱着一个脆弱的宝贝就好像在地球上没有比这更脆弱的了,4789.42,4795.410000000001,5.990000000000691
我借着月光看着这惨白的面额这双紧闭的眼睛这随风飘动的缕缕头发,4795.990000000001,4802.34,6.349999999999454
这时我对自己说道我所看到的仅仅是外表最重要的是看不见的,4803.18,4810.280000000001,7.100000000000364
由于看到他稍稍张开的嘴唇露出一丝微笑我又自言自语地说道在这个熟睡了的小王子身上使我非常感动的是他对他那朵花的忠诚是在他心中闪烁的那朵玫瑰花的形象,4811.47,4827.3,15.829999999999927
这朵玫瑰花即使在小王子睡着了的时候也像一盏灯的火焰一样在他身上闪耀着光辉,4828.52,4835.05,6.529999999999745
这时我就感觉到他更加脆弱,4836.370000000001,4838.990000000001,2.619999999999891
应该保护灯焰,4839.56,4840.43,0.8699999999998909
一阵风就可能把它吹灭,4841.27,4842.900000000001,1.6300000000001091
于是就这样走着我在黎明时发现了水井,4843.950000000001,4848.68,4.729999999999563
那些人们他们往快车里拥挤但是他们却不知道要寻找什么,4849.67,4855.43,5.760000000000218
于是他们就忙忙碌碌来回转圈子,4856.17,4859.31,3.1400000000003274
他接着又说这没有必要,4860.370000000001,4862.660000000001,2.2899999999999636
我们终于找到的这口井不同于撒哈拉的那些井,4863.27,4866.650000000001,3.380000000000109
撒哈拉的井只是沙漠中挖的洞,4867.240000000001,4869.4800000000005,2.2399999999997817
这口井则很像村子中的井,4870.09,4872.650000000001,2.5600000000004
可是那里又没有任何村庄,4873.4400000000005,4876.210000000001,2.7700000000004366
我还以为是在做梦呢,4876.740000000001,4878.14,1.3999999999996362
真怪我对小王子说,4879.35,4881.360000000001,2.0100000000002183
一切都是现成的辘轳水桶绳子,4882.030000000001,4885.72,3.6899999999996
他笑了拿着绳子转动着辘轳,4886.700000000001,4889.460000000001,2.7600000000002183
辘轳就像是一个长期没有风来吹动的旧风标一样吱吱作响,4889.960000000001,4894.870000000001,4.9099999999998545
你听小王子说,4895.77,4897.63,1.8599999999996726
我们唤醒了这口井,4898.210000000001,4899.500000000001,1.2899999999999636
它现在唱起歌来了,4899.910000000001,4901.460000000001,1.550000000000182
我不愿让他费劲,4902.250000000001,4903.320000000001,1.069999999999709
让我来干吧我对他说,4904.110000000001,4906.02,1.9099999999998545
这活儿对你太重了,4906.52,4907.910000000001,1.3900000000003274
我慢慢地把水桶提到井栏上,4908.4800000000005,4910.42,1.9399999999995998
我把它稳稳地放在那里,4911.210000000001,4912.540000000001,1.3299999999999272
我的耳朵里还响着辘轳的歌声,4913.240000000001,4915.240000000001,2.0
依然还在晃荡的水面上我看见太阳的影子在跳动,4916.070000000001,4920.120000000001,4.050000000000182
我正需要喝这种水小王子说,4920.9400000000005,4923.540000000001,2.600000000000364
给我喝点儿,4923.910000000001,4924.780000000001,0.8699999999998909
这时我才明白了他所寻找的是什么,4925.780000000001,4928.81,3.0299999999997453
我把水桶提到他的嘴边,4929.6,4931.17,1.569999999999709
他闭着眼睛喝水就像节日一般舒适愉快,4931.710000000001,4935.150000000001,3.4399999999996
这水远不只是一种饮料,4936.22,4938.3,2.0799999999999272
它是披星戴月走了许多路才找到的,4938.990000000001,4941.17,2.1799999999993815
是在辘轳的歌声中经过我双臂的努力得来的,4941.9400000000005,4945.160000000001,3.2200000000002547
它像是一件礼品慰藉着心田,4945.990000000001,4948.070000000001,2.0799999999999272
在我小的时候圣诞树的灯光午夜的弥撒的音乐甜蜜的微笑这一切都使圣诞节时我收到的礼品辉映着幸福的光彩,4948.8,4959.150000000001,10.350000000000364
你这里的人在同一个花园中种植着五千朵玫瑰小王子说,4959.530000000001,4964.820000000001,5.289999999999964
可是他们却不能从中找到自己所要寻找的东西,4965.290000000001,4969.400000000001,4.109999999999673
他们是找不到的我回答道,4970.42,4972.360000000001,1.9400000000005093
然而他们所寻找的东西却是可以从一朵玫瑰花或一点儿水中找到的,4973.02,4979.92,6.899999999999636
一点儿不错我回答道,4980.660000000001,4982.750000000001,2.0900000000001455
小王子又加了一句眼睛是什么也看不见的应该用心去寻找,4983.460000000001,4990.030000000001,6.569999999999709
我喝了水,4991.26,4991.9400000000005,0.680000000000291
我痛快地呼吸着空气,4992.360000000001,4993.84,1.4799999999995634
沙漠在晨曦中泛出蜂蜜的光泽,4994.500000000001,4996.830000000001,2.3299999999999272
这蜂蜜般的光泽也使我感到幸福,4997.39,4999.77,2.380000000000109
为什么我要难过,5000.85,5002.59,1.7399999999997817
小王子又重新在我的身边坐下,5003.67,5005.870000000001,2.2000000000007276
他温柔地对我说你应该实践你的诺言,5006.4400000000005,5010.210000000001,3.7700000000004366
什么诺言,5011.320000000001,5011.89,0.569999999999709
你知道给我的小羊一个嘴套子,5012.540000000001,5015.080000000001,2.5399999999999636
我要对我的花负责的呀,5015.7300000000005,5017.110000000001,1.3800000000001091
我从口袋中拿出我的画稿,5018.34,5020.14,1.800000000000182
小王子瞅见了笑着说你画的猴面包树有点儿像白菜,5020.89,5025.59,4.699999999999818
啊我还为我画的猴面包树感到骄傲呢,5026.1,5029.47,3.369999999999891
你画的狐狸它那双耳朵有点像犄角而且又太长了,5030.070000000001,5036.150000000001,6.079999999999927
这时他又笑了,5037.150000000001,5038.960000000001,1.8100000000004002
小家伙你太不公正了我说,5039.710000000001,5042.67,2.959999999999127
我过去只会画开着肚皮和闭着肚皮的巨蟒,5043.320000000001,5047.09,3.769999999999527
啊这就行了他说,5047.85,5050.39,2.5399999999999636
孩子们认得出来,5050.9400000000005,5052.400000000001,1.4600000000000364
我就用铅笔勾画了一个嘴套,5053.47,5055.55,2.0799999999999272
当我把它递给小王子时我心里很难受,5056.35,5059.200000000001,2.850000000000364
你的打算我一点也不知道我说,5060.31,5063.830000000001,3.5200000000004366
但是他不回答我,5064.59,5066.06,1.4700000000002547
他对我说你知道我落在地球上到明天就一周年了,5066.59,5072.27,5.680000000000291
接着沉默了一会儿他又说道我就落在这附近,5073.410000000001,5078.460000000001,5.050000000000182
此时他的面颊绯红,5079.39,5081.280000000001,1.8900000000003274
我不知为什么又感到一阵莫名其妙的心酸,5082.080000000001,5085.4800000000005,3.399999999999636
这时我产生了一个问题一星期以前我认识你的那天早上你单独一个人在这旷无人烟的地方走着,5086.67,5095.150000000001,8.480000000000473
这么说这并不是偶然的了,5096.370000000001,5098.47,2.0999999999994543
你是要回到你降落的地方去是吗,5099.39,5101.370000000001,1.980000000000473
小王子的脸又红了,5101.81,5103.490000000001,1.680000000000291
我犹豫不定地又说了一句可能是因为周年纪念吧,5104.51,5108.39,3.880000000000109
小王子脸又红了,5109.240000000001,5111.370000000001,2.130000000000109
他从来也不回答这些问题但是脸红就等于说是的是吧,5111.820000000001,5117.9400000000005,6.119999999999891
啊我对他说,5119.1,5121.040000000001,1.9400000000005093
我有点怕,5122.120000000001,5122.790000000001,0.6700000000000728
但他却回答我说你现在该工作了,5123.7300000000005,5127.14,3.4099999999998545
你应该回到你的机器那里去,5127.710000000001,5129.380000000001,1.6700000000000728
我在这里等你,5129.900000000001,5130.6900000000005,0.7899999999999636
你明天晚上再来,5131.35,5132.26,0.9099999999998545
但是我放心不下,5133.450000000001,5135.360000000001,1.9099999999998545
我想起了狐狸的话,5136.410000000001,5137.490000000001,1.0799999999999272
如果被人驯服了就可能会要哭的,5138.51,5141.630000000001,3.1200000000008004
在井旁边有一堵残缺的石墙,5142.450000000001,5144.790000000001,2.3400000000001455
第二天晚上我工作回来的时候我远远地看见了小王子耷拉着双腿坐在墙上,5145.630000000001,5151.330000000001,5.699999999999818
我听见他在说话,5151.860000000001,5153.050000000001,1.1900000000005093
你怎么不记得了呢,5153.970000000001,5155.130000000001,1.1599999999998545
绝不是在这儿,5155.920000000001,5156.740000000001,0.819999999999709
大概还有另一个声音在回答他因为他答着腔说道没错没错,5157.770000000001,5163.170000000001,5.399999999999636
日子是对的但地点不是这里,5163.720000000001,5167.040000000001,3.319999999999709
我继续朝墙走去,5168.220000000001,5169.350000000001,1.1300000000001091
我还是看不到也听不见任何别人,5169.880000000001,5172.800000000001,2.9200000000000728
可是小王子又回答道那当然你会在沙上看到我的脚印是从什么地方开始的,5173.730000000001,5179.960000000001,6.229999999999563
你在那里等着我就行了,5180.470000000001,5181.710000000001,1.2399999999997817
今天夜里我去那里,5182.310000000001,5183.910000000001,1.5999999999994543
我离墙约有二十米远可我依然什么也没有看见,5184.530000000001,5188.200000000001,3.6700000000000728
小王子沉默了一会儿又说你的毒液管用吗,5188.890000000001,5192.460000000001,3.569999999999709
你保证不会使我长时间地痛苦吗,5193.020000000001,5195.610000000001,2.589999999999236
我焦虑地赶上前去但我仍然不明白是怎么回事,5196.020000000001,5200.220000000001,4.199999999999818
现在你去吧小王子说,5201.080000000001,5203.960000000001,2.880000000000109
我要下来了,5204.760000000001,5205.290000000001,0.5299999999997453
于是我也朝墙角下看去,5206.290000000001,5208.6500000000015,2.360000000000582
我吓了一跳,5209.290000000001,5209.940000000001,0.6500000000005457
就在那里一条黄蛇直起身子冲着小王子,5210.690000000001,5214.050000000001,3.3599999999996726
这种黄蛇半分钟就能结果你的性命,5214.770000000001,5217.470000000001,2.699999999999818
我一面赶紧掏口袋拔出手枪一面跑过去,5218.100000000001,5221.340000000001,3.2399999999997817
可是一听到我的脚步声蛇却像一股干涸了的水柱一样慢慢钻进沙里去,5222.170000000001,5227.620000000001,5.449999999999818
它不慌不忙地在石头的缝隙中钻动着发出轻轻的金属般的响声,5228.390000000001,5233.180000000001,4.789999999999964
我到达墙边的时候正好把我的这位小王子接在我的怀抱中,5234.200000000001,5238.290000000001,4.0900000000001455
他的脸色雪一样惨白,5238.960000000001,5240.940000000001,1.980000000000473
这是搞的什么名堂我埋怨道,5241.560000000001,5244.130000000001,2.569999999999709
你怎么竟然和蛇也谈起心来了,5244.730000000001,5246.550000000001,1.819999999999709
我解开了他一直戴着的金黄色的围脖,5247.780000000001,5250.350000000001,2.5700000000006185
我用水浸湿了他的太阳穴,5251.010000000001,5252.9000000000015,1.8900000000003274
让他喝了点儿水,5253.370000000001,5254.200000000001,0.8299999999999272
这时我什么也不敢再问他,5255.100000000001,5257.440000000001,2.3400000000001455
他严肃地看着我,5258.120000000001,5259.040000000001,0.9200000000000728
用双臂搂着我的脖子,5259.700000000001,5261.270000000001,1.5700000000006185
我感到他的心就像一只被枪弹击中而濒于死亡的鸟的心脏一样在跳动着,5261.940000000001,5267.540000000001,5.599999999999454
他对我说我很高兴你找到了你的机器所缺少的东西,5268.560000000001,5273.740000000001,5.1799999999993815
你不久就可以回家去了,5274.540000000001,5276.540000000001,2.0
你怎么知道的,5277.330000000001,5278.050000000001,0.7200000000002547
我正是来告诉他在没有任何希望的情况下我成功地完成了修理工作,5279.230000000001,5284.530000000001,5.299999999999272
他不回答我的问题却接着说道我也一样今天要回家去了,5285.300000000001,5292.540000000001,7.239999999999782
然后他忧伤地说我回家要远得多要难得多,5293.550000000001,5299.870000000001,6.319999999999709
我清楚地感到发生了某种不寻常的事儿,5301.140000000001,5304.110000000001,2.969999999999345
我把他当作小孩儿一样紧紧抱在怀里可是我感觉到他径直地向着一个无底深渊沉陷下去,5305.030000000001,5311.910000000001,6.880000000000109
我想法拉住他却怎么也办不到,5312.360000000001,5314.990000000001,2.630000000000109
他的眼神很严肃望着遥远的地方,5316.010000000001,5319.540000000001,3.5299999999997453
我有你画的羊羊的箱子和羊的嘴套子,5320.680000000001,5325.740000000001,5.059999999999491
他带着忧伤的神情微笑了,5326.910000000001,5329.4000000000015,2.490000000000691
我等了很长时间才觉得他身子渐渐暖和起来,5330.910000000001,5334.170000000001,3.2600000000002183
小家伙我对他说,5334.970000000001,5336.970000000001,2.0
你受惊了,5337.610000000001,5338.330000000001,0.7200000000002547
他害怕了,5339.340000000001,5340.040000000001,0.6999999999998181
这是无疑的,5340.570000000001,5341.280000000001,0.7100000000000364
他却温柔地笑着说今天晚上我会怕得更厉害,5342.130000000001,5347.100000000001,4.970000000000255
我再度意识到要发生一件不可弥补的事,5348.260000000001,5350.850000000001,2.5900000000001455
我觉得我的心一下子就凉了,5351.770000000001,5354.270000000001,2.5
这时我才明白一想到再也不能听到这笑声我就不能忍受,5355.410000000001,5360.950000000001,5.539999999999964
这笑声对我来说就好像是沙漠中的甘泉一样,5361.820000000001,5366.500000000001,4.680000000000291
小家伙我说,5367.790000000001,5369.480000000001,1.6900000000005093
我还想听你笑,5370.550000000001,5371.590000000001,1.0399999999999636
但他对我说到今天夜里正好是一年了,5372.680000000001,5377.260000000001,4.579999999999927
我的星球将正好处于我去年降落的那个地方的上空,5378.070000000001,5382.230000000001,4.160000000000764
小家伙这蛇的事儿约会的事儿还有星星这全是一场恶梦吧,5383.770000000001,5390.660000000001,6.889999999999418
但他并不回答我的问题,5392.010000000001,5393.350000000001,1.3400000000001455
他对我说重要的事儿是看不见的,5394.260000000001,5398.390000000001,4.130000000000109
当然,5399.550000000001,5399.940000000001,0.3900000000003274
这就像花儿一样,5401.070000000001,5402.050000000001,0.9800000000004729
如果你爱上了一朵生长在一颗星星上的花那么夜间你看着天空就感到甜蜜愉快,5402.760000000001,5410.880000000001,8.11999999999989
所有的星星上都好像开着花,5411.640000000001,5414.300000000001,2.6599999999998545
当然,5414.960000000001,5415.300000000001,0.3400000000001455
这也就像水一样,5416.300000000001,5417.600000000001,1.300000000000182
由于那辘轳和绳子的缘故你给我喝的井水好像音乐一样,5418.230000000001,5423.360000000001,5.1299999999992
你记得吗,5423.930000000001,5424.450000000001,0.5199999999995271
这水非常好喝,5425.030000000001,5426.550000000001,1.5200000000004366
当然,5427.170000000001,5427.560000000001,0.3900000000003274
夜晚你抬头望着星星,5428.520000000001,5430.700000000001,2.1799999999993815
我的那颗太小了我无法给你指出我的那颗星星是在哪里,5431.460000000001,5436.510000000001,5.050000000000182
这样倒更好你可以认为我的那颗星星就在这些星星之中,5437.450000000001,5442.770000000001,5.3200000000006185
那么所有的星星你都会喜欢看的,5443.230000000001,5446.360000000001,3.1299999999991996
这些星星都将成为你的朋友,5447.050000000001,5449.480000000001,2.430000000000291
而且我还要给你一件礼物,5450.320000000001,5452.930000000001,2.610000000000582
他又笑了,5453.940000000001,5454.680000000001,0.7399999999997817
啊小家伙小家伙我喜欢听你这笑声,5455.080000000001,5458.930000000001,3.850000000000364
这正好是我给你的礼物,5459.620000000001,5461.770000000001,2.1500000000005457
这正好是,5462.750000000001,5463.660000000001,0.9099999999998545
这就好像水那样,5464.690000000001,5466.000000000001,1.3099999999994907
你说的是什么,5466.850000000001,5467.670000000001,0.819999999999709
人们都有星星但是它们在不同人眼里并不都一样他回答,5468.600000000001,5474.570000000001,5.969999999999345
对旅行的人来说星星是向导,5475.600000000001,5478.050000000001,2.449999999999818
对别的人来说星星只是些小亮光,5478.840000000001,5481.610000000001,2.769999999999527
对另外一些学者来说星星就是他们探讨的学问,5482.370000000001,5486.350000000001,3.980000000000473
对我所遇见的那个实业家来说星星是金钱,5487.130000000001,5491.040000000001,3.9099999999998545
但是所有这些星星都不会说话,5491.530000000001,5494.660000000001,3.130000000000109
你呢你的那些星星将是任何人都不曾有过的,5495.440000000001,5499.880000000001,4.4399999999996
你说的是什么,5500.920000000001,5501.700000000001,0.7799999999997453
夜晚当你望着天空的时候既然我就住在其中一颗星星上既然我在其中一颗星星上笑着那么对你来说就好像所有的星星都在笑,5502.840000000001,5515.580000000001,12.739999999999782
那么你将看到的星星就是会笑的星星,5516.490000000001,5520.1500000000015,3.660000000000764
这时他又笑了,5521.480000000001,5523.640000000001,2.1599999999998545
那么在你得到了安慰之后人们总是会自我安慰的你就会因为认识了我而感到高兴,5524.760000000001,5533.200000000001,8.4399999999996
你将永远是我的朋友,5534.010000000001,5535.440000000001,1.430000000000291
你就会想要同我一起笑,5536.4000000000015,5538.460000000001,2.0599999999994907
有时你会为了快乐而不知不觉地打开窗户,5539.270000000001,5542.820000000001,3.5499999999992724
你的朋友们会奇怪地看着你笑着仰望天空,5543.500000000001,5546.810000000001,3.3100000000004
那时你就可以对他们说是的星星总是引我欢笑,5547.830000000001,5553.070000000001,5.239999999999782
他们会以为你发疯了,5553.910000000001,5555.200000000001,1.2899999999999636
我的恶作剧将使你难堪,5556.110000000001,5558.410000000001,2.300000000000182
这时他又笑了,5559.610000000001,5561.760000000001,2.1500000000005457
这就好像我并没有给你星星而是给你一大堆会笑出声来的小铃铛,5562.210000000001,5567.640000000001,5.430000000000291
他仍然笑着,5568.660000000001,5569.560000000001,0.9000000000005457
随后他变得严肃起来,5570.290000000001,5572.280000000001,1.9899999999997817
今天夜里你知道不要来了,5573.520000000001,5577.6500000000015,4.130000000000109
我不离开你我说,5578.700000000001,5580.610000000001,1.9099999999998545
我将会像是很痛苦的样子,5581.780000000001,5583.600000000001,1.8200000000006185
我有点儿像要死去似的,5584.200000000001,5585.880000000001,1.680000000000291
就是这么回事儿,5586.580000000001,5587.420000000001,0.8400000000001455
你就别来看这些了,5588.060000000001,5589.320000000001,1.2599999999993088
没有必要,5589.990000000001,5590.6500000000015,0.660000000000764
我不离开你,5591.790000000001,5592.570000000001,0.7799999999997453
可是他担心起来,5593.790000000001,5595.760000000001,1.9700000000002547
我对你说这些这也是因为蛇的缘故,5596.850000000001,5599.710000000001,2.8599999999996726
别让它咬了你,5600.410000000001,5601.490000000001,1.0799999999999272
蛇是很坏的,5602.450000000001,5603.450000000001,1.0
它随意咬人,5603.950000000001,5604.980000000001,1.0300000000006548
我不离开你,5606.030000000001,5607.110000000001,1.0799999999999272
这时他似乎有点儿放心了,5608.450000000001,5610.740000000001,2.2899999999999636
对了它咬第二口的时候就没有毒液了,5611.300000000001,5614.800000000001,3.5
这天夜里我没有看到他启程,5616.240000000001,5618.670000000001,2.430000000000291
他不声不响地跑了,5619.800000000001,5620.9000000000015,1.1000000000003638
当我终于赶上他的时候他坚定地快步走着,5621.930000000001,5624.730000000001,2.800000000000182
他只是对我说道啊你在这儿,5625.510000000001,5628.540000000001,3.0299999999997453
于是他拉着我的手,5629.710000000001,5630.740000000001,1.0299999999997453
但是他仍然很担心,5631.580000000001,5632.750000000001,1.1700000000000728
你不该这样,5634.020000000001,5634.970000000001,0.9499999999998181
你会难受的,5635.820000000001,5636.640000000001,0.8200000000006185
我会像是死去的样子,5637.310000000001,5638.840000000001,1.5299999999997453
但这不会是真的,5639.500000000001,5641.280000000001,1.7799999999997453
我默默无言,5642.530000000001,5643.340000000001,0.8100000000004002
你明白路很远,5644.430000000001,5646.120000000001,1.6899999999995998
我不能带着这付身躯走,5646.690000000001,5648.160000000001,1.4699999999993452
它太重了,5648.630000000001,5649.510000000001,0.8800000000001091
我依然沉默不语,5650.850000000001,5652.050000000001,1.199999999999818
但是这就好像剥落的旧树皮一样,5653.110000000001,5655.510000000001,2.4000000000005457
旧树皮并没有什么可悲的,5655.9400000000005,5658.140000000001,2.2000000000007276
我还是沉默不语,5659.240000000001,5660.250000000001,1.0100000000002183
他有些泄气了但是他又振作起来,5661.100000000001,5663.9000000000015,2.800000000000182
这将是蛮好的,5665.020000000001,5666.290000000001,1.269999999999527
你知道我也一定会看星星的,5666.840000000001,5669.060000000001,2.2200000000002547
所有的星星都将是带有生了锈的辘轳的井,5669.480000000001,5672.750000000001,3.269999999999527
所有的星星都会倒水给我喝,5673.260000000001,5675.580000000001,2.319999999999709
我还是沉默不语,5676.750000000001,5677.8200000000015,1.0700000000006185
这将是多么好玩儿啊,5678.870000000001,5680.020000000001,1.1500000000005457
你将有五亿个铃铛,5680.460000000001,5681.730000000001,1.2700000000004366
我将有五亿口水井,5682.130000000001,5683.5700000000015,1.4400000000005093
这时他也沉默了因为他在哭,5685.550000000001,5690.270000000001,4.720000000000255
就是这儿,5691.6500000000015,5692.200000000001,0.5499999999992724
让我自个儿走一步吧,5692.910000000001,5694.1900000000005,1.2799999999997453
他这时坐下来因为他害怕了,5695.290000000001,5697.850000000001,2.5600000000004
他却仍然说道你知道我的花我是要对她负责的,5698.640000000001,5703.5700000000015,4.930000000000291
而她又是那么弱小,5704.250000000001,5706.000000000001,1.75
她又是那么天真,5706.930000000001,5707.990000000001,1.0599999999994907
她只有四根微不足道的刺保护自己抵抗外敌,5708.760000000001,5713.050000000001,4.289999999999964
我也坐了下来因为我再也站立不住了,5714.300000000001,5718.340000000001,4.039999999999964
他说道就是这些全都说啦,5719.460000000001,5723.770000000001,4.3100000000004
他犹豫了一下然后站起来,5724.6500000000015,5727.000000000001,2.3499999999994543
他迈出了一步而我却动弹不得,5727.760000000001,5730.850000000001,3.0900000000001455
在他的脚踝子骨附近一道黄光闪了一下,5731.670000000001,5735.010000000001,3.3400000000001455
刹那间他一动也不动了,5735.8200000000015,5737.720000000001,1.8999999999996362
他没有叫喊,5738.700000000001,5739.530000000001,0.8299999999999272
他轻轻地像一棵树一样倒在地上,5740.500000000001,5743.4400000000005,2.9399999999996
大概由于沙地的缘故连一点响声都没有,5744.4400000000005,5747.760000000001,3.3200000000006185
到现在一点不错已经有六年了,5750.4400000000005,5753.9000000000015,3.460000000000946
我还从未讲过这个故事,5755.230000000001,5756.630000000001,1.3999999999996362
同伴们重新见到了我都为能看见我活着回来而高兴我却很悲伤,5757.4000000000015,5763.180000000001,5.779999999999745
我告诉他们这是因为疲劳的缘故,5764.140000000001,5767.100000000001,2.9600000000000364
现在我稍微得到了些安慰就是说还没有完全平静下来,5768.050000000001,5773.640000000001,5.5900000000001455
可我知道他已经回到了他的星球上因为那天黎明我没有再见到他的身躯,5774.630000000001,5781.450000000001,6.819999999999709
他的身躯并不那么重,5782.340000000001,5783.850000000001,1.5100000000002183
从此我就喜欢在夜间倾听着星星好像倾听着五亿个铃铛,5785.090000000001,5790.500000000001,5.4099999999998545
可是现在却又发生了不寻常的事,5791.660000000001,5794.110000000001,2.449999999999818
我给小王子画的羊嘴套上忘了画皮带,5794.670000000001,5797.480000000001,2.8100000000004
他再也不可能把它套在羊嘴上,5798.240000000001,5800.580000000001,2.3400000000001455
于是我思忖着他的星球上发生了什么事儿呢,5801.610000000001,5806.490000000001,4.880000000000109
大概小羊把花儿吃掉了吧,5807.660000000001,5810.130000000001,2.4700000000002547
有时我又对自己说绝对不会的小王子每天夜里都用玻璃罩子罩住他的花而且他会把羊看管好的,5811.680000000001,5820.0700000000015,8.390000000000327
我就非常高兴,5820.870000000001,5821.790000000001,0.9200000000000728
这时所有的星星都在柔情地轻声笑着,5822.520000000001,5826.290000000001,3.769999999999527
忽而我又对自己说人们有时总免不了会疏忽的,5827.610000000001,5832.200000000001,4.5900000000001455
那就够呛,5833.180000000001,5833.810000000001,0.6300000000001091
某一天晚上他忘了玻璃罩子或者小羊夜里不声不响地跑出来,5834.520000000001,5839.740000000001,5.219999999999345
想到这里小铃铛都变成泪珠了,5840.180000000001,5843.6900000000005,3.509999999999309
这真是一个很大的奥秘,5844.370000000001,5845.710000000001,1.3400000000001455
对你们这些喜欢小王子的人来说就像对于我来说一样,5846.710000000001,5851.370000000001,4.6599999999998545
无论什么地方凡是某处如果一只羊尽管我们并不认识它吃了一朵玫瑰花或是没有吃掉一朵玫瑰花那么宇宙的面貌就全然不同,5852.270000000001,5865.0700000000015,12.800000000000182
望着天空你们想一想是还是不是,5866.080000000001,5870.450000000001,4.369999999999891
羊究竟是吃了还是没有吃掉花,5871.370000000001,5874.270000000001,2.9000000000005457
那么你们就会看到一切都变了样,5875.330000000001,5877.520000000001,2.1900000000005093
任何一个大人将永远不会明白这个问题竟如此重要,5878.420000000001,5882.280000000001,3.8599999999996726
对我来说这是世界上最美也是最凄凉的地方,5883.770000000001,5888.700000000001,4.9299999999993815
它与前一页画的是同一个地方,5889.550000000001,5891.640000000001,2.0900000000001455
我再一次将它画出来为的是让你们看清楚,5892.590000000001,5896.550000000001,3.9600000000000364
就是在这里小王子出现在地球上后来也正是在这里消失了的,5897.180000000001,5904.130000000001,6.949999999999818
请你们仔细看看这个地方以便你们有一天去非洲沙漠上旅行的时候能够准确地辨认出这个地方,5905.410000000001,5912.800000000001,7.390000000000327
如果你们有机会经过这个地方请不要匆匆而过,5913.6900000000005,5918.280000000001,4.5900000000001455
请你们就在那颗星星底下等一等,5918.640000000001,5921.750000000001,3.1099999999996726
如果这时有个小孩子向你走来如果他笑着他有金黄色的头发如果当你问他问题时他不回答你们一定会猜得出他是谁,5922.980000000001,5935.5700000000015,12.590000000000146
那就请你们帮个忙,5936.450000000001,5937.540000000001,1.0900000000001455
不要让我这么忧伤,5938.300000000001,5939.450000000001,1.1499999999996362
赶快写信告诉我他又回来了,5940.260000000001,5942.6900000000005,2.4299999999993815
